Name; Median Time; Min Time; Max Time; Median Frame Index; Min Frame Index; Max Frame Index; Min Depth; Max Depth; Total Time; Mean Time; Time Lower Quartile; Time Upper Quartile; Count Total; Count Median; Count Min; Count Max; Number of frames containing Marker; First Frame Index; Time Min Individual; Time Max Individual; Min Individual Frame; Max Individual Frame; Time at Median Frame; GC Alloc Total (bytes); GC Alloc Count; GC Alloc Mean (bytes); GC Alloc Median (bytes); GC Alloc Min (bytes); GC Alloc Max (bytes); GC Alloc Lower Quartile (bytes); GC Alloc Upper Quartile (bytes); GC Alloc Median Frame Index; GC Alloc Min Frame Index; GC Alloc Max Frame Index
"PlayerLoop";18.26885;3.713308;53.35453;3486;2676;3573;1;1;50798.5569252968;25.39928;16.45515;33.37716;2000;1;1;1;2000;2583;3.713308;53.35453;2676;3573;18.26885;207299;8547;103;99;82;133;99;116;3987;2583;2594
"PostLateUpdate.FinishFrameRendering";15.01231;1.970769;49.09761;4269;2666;2628;2;2;43427.8038725853;21.7139;13.77962;30.72154;2000;1;1;1;2000;2583;1.970769;49.09761;2666;2628;15.73223;96000;2000;48;48;48;48;48;48;3582;2583;2583
"Gfx.WaitForPresentOnGfxThread";12.31792;0.000308;47.79231;2697;2666;2628;3;3;38053.8394335484;19.02692;11.08377;28.05969;2000;1;1;1;2000;2583;0.000308;47.79231;2666;2628;13.14192;0;0;0;0;0;0;0;0;3582;2583;2583
"Semaphore.WaitForSignal";12.31662;0.000307;47.79139;2697;2673;2628;4;4;38050.5112227247;19.02526;11.08;28.05762;2000;1;1;1;2000;2583;0.000307;47.79139;2673;2628;13.14031;0;0;0;0;0;0;0;0;3582;2583;2583
"UnityEngine.CoreModule.dll!UnityEngine.Rendering::RenderPipelineManager.DoRenderLoop_Internal() [Invoke]";2.369154;1.108231;7.03377;4164;2611;2734;3;3;4814.79667961597;2.407398;2.269538;2.517154;2000;1;1;1;2000;2583;1.108231;7.03377;2611;2734;2.287385;96000;2000;48;48;48;48;48;48;3582;2583;2583
"Inl_UniversalRenderTotal";2.321846;1.083;6.996693;3220;2611;2734;4;4;4723.59319198132;2.361797;2.225;2.470077;2000;1;1;1;2000;2583;1.083;6.996693;2611;2734;2.243769;96000;2000;48;48;48;48;48;48;3582;2583;2583
"Inl_RenderCameraStack";2.241769;1.043;6.94777;2679;2611;2734;5;5;4565.16872632504;2.282584;2.147923;2.384308;2000;1;1;1;2000;2583;1.043;6.94777;2611;2734;2.170154;96000;2000;48;48;48;48;48;48;3582;2583;2583
"Inl_UniversalRenderPipeline.RenderSingleCameraInternal: Main Camera";1.402692;0.64977;2.740077;4002;2684;3574;6;6;2755.91952091455;1.37796;1.339;1.467307;2000;1;1;1;2000;2583;0.64977;2.740077;2684;3574;1.408308;96000;2000;48;48;48;48;48;48;3582;2583;2583
"GC.Collect";0.696693;0.696693;1.26277;3992;3992;3994;5;5;1.9594629406929;0.9797314;0.696693;0.696693;2;1;1;1;2;3992;0.696693;1.26277;3992;3994;0;0;0;0;0;0;0;0;0;3992;3992;3992
"Update.ScriptRunBehaviourUpdate";0.669846;0.271077;3.420077;3847;2652;3879;2;2;1361.44883593917;0.6807244;0.627308;0.720615;2000;1;1;1;2000;2583;0.271077;3.420077;2652;3879;0.650153;0;0;0;0;0;0;0;0;3582;2583;2583
"BehaviourUpdate";0.667615;0.270231;3.416615;3242;2652;3879;3;3;1356.14945468307;0.6780747;0.625538;0.717462;2000;1;1;1;2000;2583;0.270231;3.416615;2652;3879;0.648308;0;0;0;0;0;0;0;0;3582;2583;2583
"Inl_ScriptableRenderContext.Submit";0.582769;0.242769;5.997846;3296;2628;2734;6;6;1314.57113879919;0.6572856;0.523385;0.684924;2000;1;1;1;2000;2583;0.242769;5.997846;2628;2734;0.524307;0;0;0;0;0;0;0;0;3582;2583;2583
"UniversalRenderPipeline.RenderSingleCameraInternal: Main Camera";0.474231;0.194769;5.937;3081;2628;2734;7;7;1095.5112221092;0.5477556;0.421154;0.564693;2000;1;1;1;2000;2583;0.194769;5.937;2628;2734;0.423307;0;0;0;0;0;0;0;0;3582;2583;2583
"PostLateUpdate.ProfilerEndFrame";0.443923;0.204923;3.101154;2832;2673;3564;2;2;924.770154505968;0.4623851;0.433308;0.476077;2000;1;1;1;2000;2583;0.204923;3.101154;2673;3564;0.531308;0;0;0;0;0;0;0;0;3582;2583;2583
"ExecuteRenderGraph";0.443308;0.180307;5.909615;3400;2628;2734;8;8;1032.29874126613;0.5161493;0.392;0.526846;2000;1;1;1;2000;2583;0.180307;5.909615;2628;2734;0.395692;0;0;0;0;0;0;0;0;3582;2583;2583
"Profiler.FlushCounters";0.440385;0.203462;3.095385;2782;2673;3564;3;3;917.960974648595;0.4589805;0.430154;0.472538;2000;1;1;1;2000;2583;0.203462;3.095385;2673;3564;0.528077;0;0;0;0;0;0;0;0;3582;2583;2583
"Inl_RecordRenderGraph";0.433923;0.202692;0.988538;3159;2587;3682;7;7;867.364328846335;0.4336822;0.415384;0.464385;2000;1;1;1;2000;2583;0.202692;0.988538;2587;3682;0.42;96000;2000;48;48;48;48;48;48;3582;2583;2583
"Assembly-CSharp.dll!Starters::RandomMover.Update() [Invoke]";0.4318545;0.1774638;2.392007;3958;2652;3821;4;4;892.867328360677;0.4464337;0.4136966;0.4725386;424000;212;212;212;2000;2583;0.000384;1.752308;2583;3821;0.4227688;0;0;0;0;0;0;0;0;3582;2583;2583
"CullScriptable";0.409231;0.172923;1.15723;3234;2651;3558;7;7;826.861213415861;0.4134306;0.378846;0.449923;2000;1;1;1;2000;2583;0.172923;1.15723;2651;3558;0.475462;0;0;0;0;0;0;0;0;3582;2583;2583
"Inl_On Record Render Graph";0.406077;0.188692;0.815384;3159;2587;3379;8;8;813.564403951168;0.4067822;0.389846;0.436846;2000;1;1;1;2000;2583;0.188692;0.815384;2587;3379;0.394769;96000;2000;48;48;48;48;48;48;3582;2583;2583
"Profiler.FlushMemoryCounters";0.315384;0.147615;1.860307;3439;2673;3574;4;4;655.569769471884;0.3277849;0.309538;0.330462;2000;1;1;1;2000;2583;0.147615;1.860307;2673;3574;0.407077;0;0;0;0;0;0;0;0;3582;2583;2583
"RenderLoop.ScheduleDraw";0.311616;0.133154;10.01008;2826;2684;2734;10;11;730.09054748714;0.3650453;0.284923;0.383539;4000;2;2;2;2000;2583;0.063692;5.007076;2644;2734;0.301845;0;0;0;0;0;0;0;0;3582;2583;2583
"WaitForJobGroupID";0.309154;0.025616;2.923693;3471;2669;4453;3;12;621.673563115299;0.3136597;0.257539;0.369923;8034;4;1;7;1982;2583;0.001769;2.724077;2604;4453;0.275616;0;0;0;0;0;0;0;0;3580;2583;2583
"Inl_ExecuteRenderGraph";0.260308;0.126385;0.779384;4373;2684;3121;7;7;533.446300908923;0.2667232;0.253;0.290384;2000;1;1;1;2000;2583;0.126385;0.779384;2684;3121;0.254385;0;0;0;0;0;0;0;0;3582;2583;2583
"PostLateUpdate.UpdateAllRenderers";0.210231;0.082154;2.826461;4283;2647;4453;2;2;473.872623994946;0.2369363;0.182538;0.26823;2000;1;1;1;2000;2583;0.082154;2.826461;2647;4453;0.204615;0;0;0;0;0;0;0;0;3582;2583;2583
"CullResults.CreateSharedRendererScene";0.173769;0.065;0.845153;4569;2648;3247;8;8;348.25053896755;0.1741253;0.155769;0.191461;2000;1;1;1;2000;2583;0.065;0.845153;2648;3247;0.254385;0;0;0;0;0;0;0;0;3582;2583;2583
"SceneCulling";0.168846;0.062462;0.87823;4477;2604;4269;8;8;362.133008290082;0.1810665;0.147385;0.201231;2000;1;1;1;2000;2583;0.062462;0.87823;2604;4269;0.163923;0;0;0;0;0;0;0;0;3582;2583;2583
"Renderer2D Pass";0.163923;0.069154;5.024847;3164;2684;2734;9;9;400.136371575296;0.2000682;0.149154;0.224615;2000;1;1;1;2000;2583;0.069154;5.024847;2684;2734;0.157307;0;0;0;0;0;0;0;0;3582;2583;2583
"EngineJob";0.155692;0.000615;1.356462;3449;2602;4278;4;13;297.942974244244;0.1538962;0.107077;0.194541;8667;3;1;16;1936;2583;7.6E-05;1.303385;2663;4278;0.162078;0;0;0;0;0;0;0;0;3587;2583;2583
"EndRenderQueueExtraction";0.145231;0.051461;0.809769;3689;2648;3247;9;9;292.61630307138;0.1463082;0.128616;0.162385;2000;1;1;1;2000;2583;0.051461;0.809769;2648;3247;0.228;0;0;0;0;0;0;0;0;3582;2583;2583
"RenderLoop.DrawSRPBatcher";0.129846;0.053538;4.990231;3983;2648;2734;12;12;305.777744259685;0.1528889;0.120538;0.147077;2000;1;1;1;2000;2583;0.053538;4.990231;2648;2734;0.132385;0;0;0;0;0;0;0;0;3582;2583;2583
"Idle";0.106077;0.106077;0.143384;3551;3551;3247;11;11;0.249460995197296;0.1247305;0.106077;0.106077;2;1;1;1;2;3247;0.106077;0.143384;3551;3247;0;0;0;0;0;0;0;0;0;3247;3247;3247
"ExecuteRenderQueueJob";0.095077;0.042769;0.252308;4012;2651;3286;12;12;149.548861000687;0.0944718;0.085846;0.103077;1583;1;1;1;1583;2584;0.042769;0.252308;2651;3286;0.103615;0;0;0;0;0;0;0;0;3593;2584;2584
"SpriteRenderer.PrepareNode";0.092077;0.041307;0.248539;2752;2686;3286;13;13;144.915984813124;0.09154516;0.082846;0.1;1583;1;1;1;1583;2584;0.041307;0.248539;2686;3286;0.100385;0;0;0;0;0;0;0;0;3593;2584;2584
"TransformChangeSystem";0.089459;0.028229;2.614157;3534;2647;4113;3;9;238.875592263415;0.1194378;0.083845;0.104617;32735;15;10;25;2000;2583;0;2.604;2584;4113;0.113692;0;0;0;0;0;0;0;0;3582;2583;2583
"ScheduleUpdateRendererBoundingVolumes";0.080077;0.024231;2.607308;4138;2647;4113;3;3;221.112922089174;0.1105565;0.075693;0.092616;2000;1;1;1;2000;2583;0.024231;2.607308;2647;4113;0.101;0;0;0;0;0;0;0;0;3582;2583;2583
"RenderLoop.Prepare";0.075999;0.032768;0.160846;3992;2649;3223;13;14;7.56885698437691;0.07208435;0.066;0.080384;210;2;2;2;105;2586;0.015153;0.083;2649;3223;0;0;0;0;0;0;0;0;0;3568;2586;2586
"UIEvents.CanvasManagerRenderOverlays";0.074154;0.034846;1.443154;3466;2592;3610;9;9;168.040816154331;0.08402041;0.07177;0.077;2000;1;1;1;2000;2583;0.034846;1.443154;2592;3610;0.074846;0;0;0;0;0;0;0;0;3582;2583;2583
"UI.RenderOverlays";0.072615;0.034154;1.441307;2849;2592;3610;10;10;164.598643448204;0.08229932;0.070154;0.075385;2000;1;1;1;2000;2583;0.034154;1.441307;2592;3610;0.072923;0;0;0;0;0;0;0;0;3582;2583;2583
"PostLateUpdate.PlayerUpdateCanvases";0.067692;0.033231;1.034384;3774;2607;2677;2;2;141.656368508935;0.07082818;0.065769;0.069846;2000;1;1;1;2000;2583;0.033231;1.034384;2607;2677;0.065231;0;0;0;0;0;0;0;0;3582;2583;2583
"Graphics.Blit";0.066847;0.030154;0.343155;3706;2611;3601;6;7;10.4066179338843;0.07824524;0.064999;0.069616;266;2;2;2;133;2596;0.015077;0.171693;2611;3601;0;0;0;0;0;0;0;0;0;3586;2596;2596
"Canvas.RenderOverlays";0.066461;0.031154;1.348846;3235;2592;3610;11;11;148.722519736737;0.07436126;0.064308;0.069154;2000;1;1;1;2000;2583;0.031154;1.348846;2592;3610;0.067307;0;0;0;0;0;0;0;0;3582;2583;2583
"Profiler.CollectLegacyStats";0.063923;0.03077;0.771692;4300;2585;2607;4;4;141.395906127989;0.07069796;0.062461;0.066231;2000;1;1;1;2000;2583;0.03077;0.771692;2585;2607;0.063;0;0;0;0;0;0;0;0;3582;2583;2583
"UpdateRendererBoundingVolumes";0.062384;0.002077;1.337692;4146;2744;4278;4;5;117.471483888803;0.06992351;0.055385;0.088231;4101;3;1;4;1680;2584;0.001846;1.301923;2647;4278;0.060847;0;0;0;0;0;0;0;0;3601;2584;2584
"Material.SetPassFast";0.059078;0.026693;0.515615;3175;2585;3597;4;12;131.731588616967;0.06586579;0.056923;0.062077;6000;3;3;3;2000;2583;0.007308;0.360307;2588;4181;0.058231;0;0;0;0;0;0;0;0;3582;2583;2583
"Profiler.RequestScreenshot";0.057847;0.027308;0.326846;2776;2611;4036;5;5;8.96361397393048;0.06739559;0.056231;0.06;133;1;1;1;133;2596;0.027308;0.326846;2611;4036;0;0;0;0;0;0;0;0;0;3586;2596;2596
"SRPBatcher.Flush";0.057;0.021846;4.780923;3582;2684;2734;13;13;149.762705473229;0.07488135;0.051;0.064231;2000;1;1;1;2000;2583;0.021846;4.780923;2684;2734;0.057846;0;0;0;0;0;0;0;0;3582;2583;2583
"Profiler.FlushCountersWithFlushOnEndOfFrame";0.055077;0.021461;1.924;4220;2644;3564;4;4;113.93302969262;0.05696651;0.04977;0.057231;2000;1;1;1;2000;2583;0.021461;1.924;2644;3564;0.054462;0;0;0;0;0;0;0;0;3582;2583;2583
"UIEvents.WillRenderCanvases";0.051924;0.026692;1.025154;3013;2625;2677;3;3;109.507431739941;0.05475372;0.050769;0.053461;2000;1;1;1;2000;2583;0.026692;1.025154;2625;2677;0.050461;0;0;0;0;0;0;0;0;3582;2583;2583
"UGUI.Rendering.UpdateBatches";0.050538;0.025923;1.023692;4574;2625;2677;4;4;106.818986723199;0.05340949;0.049538;0.052;2000;1;1;1;2000;2583;0.025923;1.023692;2625;2677;0.049461;0;0;0;0;0;0;0;0;3582;2583;2583
"TimeUpdate.WaitForLastPresentationAndUpdateTime";0.050461;0.023077;30.01908;3949;2585;3992;2;2;2215.92366372608;1.107962;0.048846;0.052616;2000;1;1;1;2000;2583;0.023077;30.01908;2585;3992;0.048616;0;0;0;0;0;0;0;0;3582;2583;2583
"DestroyCullResults";0.049308;0.023385;0.385846;3848;2684;3547;3;3;102.381793728098;0.0511909;0.045539;0.052308;2000;1;1;1;2000;2583;0.023385;0.385846;2684;3547;0.049769;0;0;0;0;0;0;0;0;3582;2583;2583
"WatermarkRender";0.047385;0.020846;0.888538;3027;2646;3597;3;3;114.143345769495;0.05707167;0.044615;0.051154;2000;1;1;1;2000;2583;0.020846;0.888538;2646;3597;0.046846;0;0;0;0;0;0;0;0;3582;2583;2583
"Inl_UniversalRenderPipeline.CreateCameraData";0.042769;0.021231;0.240308;4420;2676;4460;6;6;86.3592068050057;0.04317961;0.041923;0.043692;2000;1;1;1;2000;2583;0.021231;0.240308;2676;4460;0.043077;0;0;0;0;0;0;0;0;3582;2583;2583
"SRPBRender.ApplyShader";0.041538;0.020616;0.413616;3415;2644;4187;13;13;90.8813087698072;0.04544066;0.040538;0.042846;2000;1;1;1;2000;2583;0.020616;0.413616;2644;4187;0.043076;0;0;0;0;0;0;0;0;3582;2583;2583
"PostLateUpdate.UpdateAudio";0.041154;0.017538;1.159154;4549;2743;3906;2;2;87.8312236834317;0.04391561;0.039461;0.042846;2000;1;1;1;2000;2583;0.017538;1.159154;2743;3906;0.039;0;0;0;0;0;0;0;0;3582;2583;2583
"WaitForTargetFPS";0.041;0.019076;30.00623;2965;2628;3992;3;3;2193.2833850868;1.096642;0.039692;0.04277;2000;1;1;1;2000;2583;0.019076;30.00623;2628;3992;0.039923;0;0;0;0;0;0;0;0;3582;2583;2583
"UnityEngine.InputModule.dll!UnityEngineInternal.Input::NativeInputSystem.NotifyBeforeUpdate() [Invoke]";0.039616;0.017616;1.24977;2708;2619;4275;3;4;88.9109088014811;0.04445545;0.036922;0.042999;6547;3;2;5;2000;2583;0.000615;1.238077;2602;4275;0.046384;111299;6547;55;51;34;85;51;68;3987;2583;2594
"Setup Camera Properties";0.039307;0.019154;0.517539;3201;2611;4447;9;9;105.924758601934;0.05296238;0.037846;0.043923;2000;1;1;1;2000;2583;0.019154;0.517539;2611;4447;0.037462;0;0;0;0;0;0;0;0;3582;2583;2583
"RenderLoop.CleanupNodeQueue";0.038616;0.017077;0.37377;3776;2684;3547;4;8;80.1065045446157;0.04005325;0.035077;0.041691;8000;4;4;4;2000;2583;0.000615;0.365462;2621;3547;0.039002;0;0;0;0;0;0;0;0;3582;2583;2583
"CullSendEvents";0.038461;0.00823;0.760077;3504;2656;4269;9;9;97.3246176876128;0.04866231;0.023;0.059154;2000;1;1;1;2000;2583;0.00823;0.760077;2656;4269;0.038462;0;0;0;0;0;0;0;0;3582;2583;2583
"Inl_Setup Camera Properties";0.03777;0.018538;0.491692;4242;2644;3121;8;8;78.0824738629162;0.03904124;0.036616;0.03877;2000;1;1;1;2000;2583;0.018538;0.491692;2644;3121;0.038154;0;0;0;0;0;0;0;0;3582;2583;2583
"PostLateUpdate.PlayerSendFrameComplete";0.036616;0.008924;0.594462;3925;2587;4259;2;2;88.0791578553617;0.04403958;0.034462;0.040616;2000;1;1;1;2000;2583;0.008924;0.594462;2587;4259;0.037769;0;0;0;0;0;0;0;0;3582;2583;2583
"PlayerEndOfFrame";0.035693;0.008385;0.592923;3515;2587;4259;3;3;86.0493127647787;0.04302466;0.033539;0.039692;2000;1;1;1;2000;2583;0.008385;0.592923;2587;4259;0.036615;0;0;0;0;0;0;0;0;3582;2583;2583
"AudioManager.Update";0.035;0.014154;1.15223;3998;2743;3906;3;3;74.8235288402066;0.03741176;0.033615;0.036308;2000;1;1;1;2000;2583;0.014154;1.15223;2743;3906;0.03377;0;0;0;0;0;0;0;0;3582;2583;2583
"PostLateUpdate.MemoryFrameMaintenance";0.034846;0.016923;0.221615;3304;2692;3544;2;2;71.4059119001031;0.03570295;0.033846;0.036;2000;1;1;1;2000;2583;0.016923;0.221615;2692;3544;0.035616;0;0;0;0;0;0;0;0;3582;2583;2583
"UnityEngine.UIModule.dll!UnityEngine::Canvas.SendWillRenderCanvases() [Invoke]";0.032077;0.016616;0.292077;4382;2665;3395;5;5;66.9841187018901;0.03349206;0.031385;0.033;2000;1;1;1;2000;2583;0.016616;0.292077;2665;3395;0.031923;0;0;0;0;0;0;0;0;3582;2583;2583
"Inl_ComputeHashRenderGraph";0.032;0.015385;0.542153;3767;2590;3352;7;7;67.4667746480554;0.03373339;0.030846;0.033308;2000;1;1;1;2000;2583;0.015385;0.542153;2590;3352;0.029769;0;0;0;0;0;0;0;0;3582;2583;2583
"PreUpdate.NewInputUpdate";0.031384;0.015385;1.265847;4057;2586;4275;2;2;74.5079905902967;0.03725399;0.030077;0.034154;2000;1;1;1;2000;2583;0.015385;1.265847;2586;4275;0.037;34000;2000;17;17;17;17;17;17;3582;2583;2583
"Inl_NRPRGComp_ExecuteBeginRenderpassCommand";0.029539;0.013769;0.229846;3674;2652;4370;8;8;62.1923689488322;0.03109618;0.028616;0.030847;6000;3;3;3;2000;2583;0.001538;0.207384;2592;4370;0.027616;0;0;0;0;0;0;0;0;3582;2583;2583
"Inl_UniversalRenderPipeline.InitializeAdditionalCameraData";0.029462;0.014077;0.313769;4258;2683;3636;6;6;60.9013957716525;0.0304507;0.028616;0.030462;2000;1;1;1;2000;2583;0.014077;0.313769;2683;3636;0.029538;0;0;0;0;0;0;0;0;3582;2583;2583
"Inl_UniversalRenderPipeline.CreateRenderingData";0.028692;0.013538;0.197231;4005;2603;2959;7;7;60.6526327794418;0.03032632;0.027384;0.030538;2000;1;1;1;2000;2583;0.013538;0.197231;2603;2959;0.032;0;0;0;0;0;0;0;0;3582;2583;2583
"PostLateUpdate.UpdateResolution";0.026538;0.013154;0.531616;2821;2654;3813;2;2;55.5433127395809;0.02777166;0.02577;0.027384;2000;1;1;1;2000;2583;0.013154;0.531616;2654;3813;0.025846;0;0;0;0;0;0;0;0;3582;2583;2583
"Inl_ScriptableRenderer.SetPerCameraShaderVariables";0.026154;0.012846;0.473538;4211;2644;3121;9;9;54.4832908082753;0.02724165;0.025307;0.027077;2000;1;1;1;2000;2583;0.012846;0.473538;2644;3121;0.025923;0;0;0;0;0;0;0;0;3582;2583;2583
"Inl_UpdateVolumeFramework";0.025923;0.013539;0.504615;3311;2644;4521;6;6;54.3288528090343;0.02716443;0.025461;0.026692;2000;1;1;1;2000;2583;0.013539;0.504615;2644;4521;0.026077;0;0;0;0;0;0;0;0;3582;2583;2583
"EarlyUpdate.PhysicsResetInterpolatedTransformPosition";0.025769;0;0.49323;4527;2595;2903;2;2;57.041453830614;0.02852073;0.024385;0.027;2000;1;1;1;2000;2583;0;0.49323;2595;2903;0.031077;0;0;0;0;0;0;0;0;3582;2583;2583
"FixedUpdate.PhysicsFixedUpdate";0.024616;0.010692;1.272077;3660;2737;3621;2;2;61.5891666933894;0.03395213;0.023308;0.033847;2547;1;1;3;1814;2584;0.003385;1.272077;2606;3621;0.047539;0;0;0;0;0;0;0;0;3580;2584;2584
"Profiler.ScreenshotUpdate";0.024308;0.003307;0.355;3216;2587;3601;4;4;61.2390007760841;0.0306195;0.022692;0.027385;2000;1;1;1;2000;2583;0.003307;0.355;2587;3601;0.024308;0;0;0;0;0;0;0;0;3582;2583;2583
"PostLateUpdate.PlayerSendFrameStarted";0.022846;0.009462;0.184846;3674;2629;2681;2;2;48.5170818073675;0.02425854;0.021;0.024923;2000;1;1;1;2000;2583;0.009462;0.184846;2629;2681;0.020077;34000;2000;17;17;17;17;17;17;3582;2583;2583
"Profiler.CollectPhysicsStats";0.022461;0.009846;0.488538;2914;2647;2903;3;3;49.5361508671194;0.02730769;0.021308;0.023615;1814;1;1;1;1814;2584;0.009846;0.488538;2647;2903;0.027;0;0;0;0;0;0;0;0;3580;2584;2584
"PlayerConnection.Poll";0.021845;0.009307;1.591462;3339;2586;3958;3;4;102.258482758887;0.05112924;0.020922;0.02277;4000;2;2;2;2000;2583;0.004384;0.796077;2586;3958;0.027384;0;0;0;0;0;0;0;0;3582;2583;2583
"UIEvents.IMGUIRenderOverlays";0.021615;0.010769;0.631693;3591;2610;4275;9;9;47.4794618431479;0.02373973;0.020846;0.022462;2000;1;1;1;2000;2583;0.010769;0.631693;2610;4275;0.020615;0;0;0;0;0;0;0;0;3582;2583;2583
"FixedUpdate.PhysicsCore2DFixedUpdate";0.021539;0.009615;0.627;3558;2744;3397;2;2;54.4523037988693;0.03001781;0.020615;0.032231;2547;1;1;3;1814;2584;0.003077;0.598384;2602;3397;0.042154;0;0;0;0;0;0;0;0;3580;2584;2584
"Inl_Light2D Pass";0.020923;0.009923;0.274846;3730;2611;3120;8;8;44.5106118563563;0.02225531;0.020308;0.021615;2000;1;1;1;2000;2583;0.009923;0.274846;2611;3120;0.021231;0;0;0;0;0;0;0;0;3582;2583;2583
"Audio.FMODSystemUpdate";0.020615;0.007384;1.135;3215;2595;3906;4;4;44.3251518383622;0.02216258;0.019769;0.021231;2000;1;1;1;2000;2583;0.007384;1.135;2595;3906;0.020616;0;0;0;0;0;0;0;0;3582;2583;2583
"PrepareSceneNodes";0.020539;0.008615;0.455616;2758;2630;3558;9;9;53.1850888635963;0.02659255;0.02;0.021154;2000;1;1;1;2000;2583;0.008615;0.455616;2630;3558;0.020616;0;0;0;0;0;0;0;0;3582;2583;2583
"CullSceneDynamicObjects";0.020385;0.007923;0.119692;4233;2672;3174;11;11;11.4512459486723;0.02026769;0.019;0.021462;565;1;1;1;565;2584;0.007923;0.119692;2672;3174;0;0;0;0;0;0;0;0;0;3439;2584;2584
"Inl_ScriptableRenderer.SetupCullingParameters";0.019769;0.009924;0.364615;4443;2589;3574;7;7;40.8258719379082;0.02041294;0.019307;0.020385;2000;1;1;1;2000;2583;0.009924;0.364615;2589;3574;0.020231;0;0;0;0;0;0;0;0;3582;2583;2583
"Inl_CompileRenderGraph";0.019385;0.009846;0.164;3432;2589;3636;7;7;40.2686848724261;0.02013434;0.018846;0.02;2000;1;1;1;2000;2583;0.009846;0.164;2589;3636;0.019077;0;0;0;0;0;0;0;0;3582;2583;2583
"GUI.Repaint";0.019384;0.009615;0.628231;3685;2610;4275;10;10;42.4086778797209;0.02120434;0.018538;0.020077;2000;1;1;1;2000;2583;0.009615;0.628231;2610;4275;0.018154;0;0;0;0;0;0;0;0;3582;2583;2583
"Inl_NRPRGComp_ExecuteInitializeResources";0.019002;0.00946;0.240769;3759;2681;3115;8;8;39.5117509225383;0.01975588;0.018385;0.01969;18000;9;9;9;2000;2583;0;0.223616;2583;3115;0.019231;0;0;0;0;0;0;0;0;3582;2583;2583
"Inl_Initialize Frame";0.018846;0.008923;0.242076;4030;2628;4326;8;8;38.7389879208058;0.01936949;0.018384;0.019385;2000;1;1;1;2000;2583;0.008923;0.242076;2628;4326;0.019384;0;0;0;0;0;0;0;0;3582;2583;2583
"Profiler.Collect2DStats";0.018769;0.008308;0.261538;4554;2590;3995;5;5;45.5402249107137;0.02277011;0.018154;0.019692;2000;1;1;1;2000;2583;0.008308;0.261538;2590;3995;0.018231;0;0;0;0;0;0;0;0;3582;2583;2583
"UnityEngine.UI.dll!UnityEngine.EventSystems::EventSystem.Update() [Invoke]";0.018538;0.009616;0.899923;3999;2744;2679;4;4;40.5708430223167;0.02028542;0.018077;0.019153;2000;1;1;1;2000;2583;0.009616;0.899923;2744;2679;0.023693;0;0;0;0;0;0;0;0;3582;2583;2583
"FixedUpdate.NewInputFixedUpdate";0.018462;0.008923;0.416384;4472;2597;3332;2;2;41.847697891295;0.02306929;0.017154;0.022769;2547;1;1;3;1814;2584;0.001;0.410461;2621;3332;0.027308;43299;2547;23;17;17;51;17;34;4131;2584;2594
"PreLateUpdate.UIElementsUpdatePanels";0.018461;0.009461;1.066231;4555;2614;2737;2;2;40.2920470125973;0.02014602;0.017846;0.019154;2000;1;1;1;2000;2583;0.009461;1.066231;2614;2737;0.018077;0;0;0;0;0;0;0;0;3582;2583;2583
"Update.ScriptRunDelayedTasks";0.018154;0.008846;0.454461;3020;2608;3652;2;2;38.9014419401065;0.01945072;0.017231;0.019077;2000;1;1;1;2000;2583;0.008846;0.454461;2608;3652;0.016923;0;0;0;0;0;0;0;0;3582;2583;2583
"PhysicsCore2D.PhysicsWorld.SimulateBatch";0.017616;7.7E-05;0.6109999;3400;2599;3397;3;3;44.7029546468984;0.02235148;0.016846;0.025231;4547;2;1;4;2000;2583;7.7E-05;0.591692;2599;3397;0.033385;0;0;0;0;0;0;0;0;3582;2583;2583
"Initialize Frame";0.017538;0.002154;0.231077;3359;2611;4185;9;9;54.2213647125755;0.02711068;0.016231;0.022539;2000;1;1;1;2000;2583;0.002154;0.231077;2611;4185;0.01723;0;0;0;0;0;0;0;0;3582;2583;2583
"Inl_NRPRGComp_ExecuteDestroyResources";0.017463;0.007154999;0.208922;2910;2611;3595;8;8;36.1269290284254;0.01806347;0.016846;0.018156;18000;9;9;9;2000;2583;7.6E-05;0.198231;2606;3595;0.016385;0;0;0;0;0;0;0;0;3582;2583;2583
"Physics.PrepareSimulationStage";0.017231;0.007615;1.263923;3163;2737;3621;3;3;40.8351419065148;0.0225111;0.016;0.023077;2547;1;1;3;1814;2584;0.002153;1.263923;2662;3621;0.032308;0;0;0;0;0;0;0;0;3580;2584;2584
"Inl_UniversalRenderPipeline.InitializeStackedCameraData";0.017231;0.008308;0.156923;3270;2671;3595;7;7;34.7394468495622;0.01736972;0.016693;0.017615;2000;1;1;1;2000;2583;0.008308;0.156923;2671;3595;0.017308;0;0;0;0;0;0;0;0;3582;2583;2583
"PrepareSceneCullingParameters";0.017154;0.008076;0.197539;3987;2675;3371;8;8;34.6075418461114;0.01730377;0.016615;0.017539;2000;1;1;1;2000;2583;0.008076;0.197539;2675;3371;0.016924;0;0;0;0;0;0;0;0;3582;2583;2583
"VolumeManager.Update";0.017;0.009;0.494769;4046;2644;4521;7;7;35.5210068039596;0.0177605;0.016615;0.017539;2000;1;1;1;2000;2583;0.009;0.494769;2644;4521;0.016846;0;0;0;0;0;0;0;0;3582;2583;2583
"Profiler2D.CaptureFrame";0.016385;0.007077;0.259693;3828;2585;3995;6;6;40.8696049153805;0.0204348;0.01577;0.017231;2000;1;1;1;2000;2583;0.007077;0.259693;2585;3995;0.016;0;0;0;0;0;0;0;0;3582;2583;2583
"Inl_UniversalRenderPipeline.SetupPerCameraShaderConstants";0.016077;0.008;0.216077;4227;2591;3117;7;7;33.337010037154;0.0166685;0.015692;0.016615;2000;1;1;1;2000;2583;0.008;0.216077;2591;3117;0.016615;0;0;0;0;0;0;0;0;3582;2583;2583
"UnityEngine.UIElementsModule.dll!UnityEngine.UIElements::UIElementsRuntimeUtilityNative.UpdatePanels() [Invoke]";0.016;0.008077;1.039154;3025;2614;2737;3;3;34.968443040736;0.01748422;0.015385;0.016615;2000;1;1;1;2000;2583;0.008077;1.039154;2614;2737;0.015616;0;0;0;0;0;0;0;0;3582;2583;2583
"UnityEngine.CoreModule.dll!UnityEngine::UnitySynchronizationContext.ExecuteTasks() [Invoke]";0.016;0.007769;0.451154;3117;2608;3652;3;3;33.955691982992;0.01697785;0.015154;0.016616;2000;1;1;1;2000;2583;0.007769;0.451154;2608;3652;0.014769;0;0;0;0;0;0;0;0;3582;2583;2583
"Physics.SyncTransforms";0.015616;0.006538;1.262154;3724;2634;3621;4;4;37.0189208835363;0.02040734;0.014462;0.020999;2547;1;1;3;1814;2584;0.001923;1.262154;2602;3621;0.029769;0;0;0;0;0;0;0;0;3580;2584;2584
"Inl_UniversalRenderPipeline.SetupPerFrameShaderConstants";0.014692;0.007;0.233538;3502;2687;2618;5;5;31.166735900566;0.01558337;0.014154;0.015153;2000;1;1;1;2000;2583;0.007;0.233538;2687;2618;0.014231;0;0;0;0;0;0;0;0;3582;2583;2583
"Profiler.CollectAudioStats";0.014461;0.006692;0.733462;3372;2663;2607;5;5;31.9700337653048;0.01598502;0.013847;0.014923;4000;2;2;2;2000;2583;0.002154;0.730077;2685;2607;0.014153;0;0;0;0;0;0;0;0;3582;2583;2583
"EarlyUpdate.InsightsUpdate";0.014384;0.007154;2.574769;3775;2619;3515;2;2;49.140071820002;0.02457004;0.013769;0.015077;2000;1;1;1;2000;2583;0.007154;2.574769;2619;3515;0.016923;0;0;0;0;0;0;0;0;3582;2583;2583
"BeginRenderQueueExtraction";0.013846;0.005538;0.108;4280;2587;4339;9;9;28.555155960843;0.01427758;0.013154;0.015;2000;1;1;1;2000;2583;0.005538;0.108;2587;4339;0.013154;0;0;0;0;0;0;0;0;3582;2583;2583
"EarlyUpdate.UpdateContentLoading";0.013461;0.005847;0.591384;4525;2586;2671;2;2;39.4040028890595;0.019702;0.012616;0.01477;2000;1;1;1;2000;2583;0.005847;0.591384;2586;2671;0.016;0;0;0;0;0;0;0;0;3582;2583;2583
"Profiler.CollectUIToolkitStats";0.013;0.006692;0.231077;3841;2632;4081;5;5;27.4007829609327;0.01370039;0.012385;0.013615;2000;1;1;1;2000;2583;0.006692;0.231077;2632;4081;0.013539;0;0;0;0;0;0;0;0;3582;2583;2583
"PostLateUpdate.UpdateCustomRenderTextures";0.012538;0.005846;0.269231;3494;2607;3923;2;2;26.9139279155061;0.01345696;0.011923;0.013;2000;1;1;1;2000;2583;0.005846;0.269231;2607;3923;0.012616;0;0;0;0;0;0;0;0;3582;2583;2583
"PostLateUpdate.EnlightenRuntimeUpdate";0.012538;0.005308;0.357769;4032;2641;2616;2;2;34.8119299388491;0.01740596;0.011692;0.013846;2000;1;1;1;2000;2583;0.005308;0.357769;2641;2616;0.012539;0;0;0;0;0;0;0;0;3582;2583;2583
"EarlyUpdate.UpdateCanvasRectTransform";0.012385;0.006153;0.470461;3242;2629;3199;2;2;32.7146439193748;0.01635732;0.011693;0.013231;2000;1;1;1;2000;2583;0.006153;0.470461;2629;3199;0.015769;0;0;0;0;0;0;0;0;3582;2583;2583
"afterCullingOutputReady.Invoke";0.012308;0.005846;0.748308;3449;2656;4269;10;10;30.5786608923227;0.01528933;0.011692;0.018462;2000;1;1;1;2000;2583;0.005846;0.748308;2656;4269;0.011693;0;0;0;0;0;0;0;0;3582;2583;2583
"EarlyUpdate.PollPlayerConnection";0.012308;0.005461;0.798154;3885;2624;3958;2;2;56.304017746821;0.02815201;0.01177;0.012923;2000;1;1;1;2000;2583;0.005461;0.798154;2624;3958;0.015077;0;0;0;0;0;0;0;0;3582;2583;2583
"Inl_Renderer2D Pass";0.012231;0.00523;0.169231;3885;2623;3392;8;8;25.1696758922189;0.01258484;0.011769;0.012615;2000;1;1;1;2000;2583;0.00523;0.169231;2623;3392;0.011385;0;0;0;0;0;0;0;0;3582;2583;2583
"UIEvents.UpdateCanvasRectTransform";0.011385;0.004231;0.239;3142;2738;4535;3;3;23.8611489287578;0.01193057;0.010462;0.012308;2000;1;1;1;2000;2583;0.004231;0.239;2738;4535;0.010692;0;0;0;0;0;0;0;0;3582;2583;2583
"RenderLoop.Sort";0.011385;0.004231;0.014154;3998;2648;2869;13;13;1.11846300028265;0.01065203;0.010154;0.012307;105;1;1;1;105;2586;0.004231;0.014154;2648;2869;0;0;0;0;0;0;0;0;0;3568;2586;2586
"Cull 2D Lights and Shadow Casters";0.011154;0.005539;0.243;3823;2589;2769;8;8;23.1916579725221;0.01159583;0.010769;0.011692;2000;1;1;1;2000;2583;0.005539;0.243;2589;2769;0.011384;0;0;0;0;0;0;0;0;3582;2583;2583
"FrameEvents.NewInputBeforeRenderUpdate";0.011077;0.003769;0.174846;4197;2625;2681;3;3;24.0145199096296;0.01200726;0.009769;0.012615;2000;1;1;1;2000;2583;0.003769;0.174846;2625;2681;0.009;34000;2000;17;17;17;17;17;17;3582;2583;2583
"Layout";0.011077;0.005231;0.249769;4225;2665;3331;6;6;23.1453099912032;0.01157266;0.010769;0.011461;2000;1;1;1;2000;2583;0.005231;0.249769;2665;3331;0.011077;0;0;0;0;0;0;0;0;3582;2583;2583
"CullObjectsWithoutUmbra";0.011;0.00377;0.109539;3775;2677;3174;12;12;6.20730199432001;0.01098638;0.010154;0.011461;565;1;1;1;565;2584;0.00377;0.109539;2677;3174;0;0;0;0;0;0;0;0;0;3439;2584;2584
"FixedUpdate.Physics2DFixedUpdate";0.010693;0.004846;0.313616;3813;2630;4191;2;2;24.7417829297483;0.01363935;0.010153;0.014539;2547;1;1;3;1814;2584;0.001307;0.313616;2610;4191;0.019462;0;0;0;0;0;0;0;0;3580;2584;2584
"PrepareSceneNodesCombineJob";0.010692;0.002538;0.102462;2964;2587;3947;12;12;6.3710779719986;0.01019373;0.007077;0.012;625;1;1;1;625;2584;0.002538;0.102462;2587;3947;0;0;0;0;0;0;0;0;0;3571;2584;2584
"UnityEngine.InputModule.dll!UnityEngineInternal.Input::NativeInputSystem.ProcessInputUpdate() [Invoke]";0.010385;0.004923;1.195154;4413;2592;3378;3;3;23.8209458715282;0.01191047;0.009923;0.011;2000;1;1;1;2000;2583;0.004923;1.195154;2592;3378;0.012308;0;0;0;0;0;0;0;0;3582;2583;2583
"UnityEngine.CoreModule.dll!UnityEngine.Experimental.Rendering::ScriptableRuntimeReflectionSystemWrapper.Internal_ScriptableRuntimeReflectionSystemWrapper_TickRealtimeProbes() [Invoke]";0.009923;0.004615;0.108693;2960;2739;4302;3;3;21.3732158620842;0.01068661;0.009462;0.010462;2000;1;1;1;2000;2583;0.004615;0.108693;2739;4302;0.054693;0;0;0;0;0;0;0;0;3582;2583;2583
"Audibility computation";0.009846;0.00223;0.244846;2794;2743;3279;5;5;20.9923178579193;0.01049616;0.009461;0.010154;2000;1;1;1;2000;2583;0.00223;0.244846;2743;3279;0.010077;0;0;0;0;0;0;0;0;3582;2583;2583
"EarlyUpdate.PhysicsCore2DEarlyUpdate";0.009538;0.001;0.447154;4354;2619;3501;2;2;22.51609589078;0.01125805;0.008923;0.010231;2000;1;1;1;2000;2583;0.001;0.447154;2619;3501;0.013538;0;0;0;0;0;0;0;0;3582;2583;2583
"PostLateUpdate.PresentAfterDraw";0.009462;0.004077;6.609846;3455;2607;3602;2;2;80.4177417010069;0.04020887;0.009;0.009846;2000;1;1;1;2000;2583;0.004077;6.609846;2607;3602;0.009461;0;0;0;0;0;0;0;0;3582;2583;2583
"Profiler.FrameMetadata";0.009079;0.003154;0.239152;3912;2610;3995;5;9;22.6169079961255;0.01130845;0.008539;0.009769;18399;9;9;12;2000;2583;7.6E-05;0.230846;2583;3995;0.008539;0;0;0;0;0;0;0;0;3582;2583;2583
"CustomRenderTextures.Update";0.008923;0.004308;0.23023;2826;2607;4322;3;3;19.2772709620185;0.009638635;0.008538;0.009231;2000;1;1;1;2000;2583;0.004308;0.23023;2607;4322;0.008923;0;0;0;0;0;0;0;0;3582;2583;2583
"Inl_ScriptableRenderer.ClearRenderingState";0.008923;0.004077;0.047385;3507;2589;3983;9;9;17.982480879873;0.008991241;0.008615;0.009231;2000;1;1;1;2000;2583;0.004077;0.047385;2589;3983;0.009615;0;0;0;0;0;0;0;0;3582;2583;2583
"PreLateUpdate.ScriptRunBehaviourLateUpdate";0.008384;0.003462;0.293923;4219;2629;2616;2;2;19.1679389853962;0.00958397;0.007924;0.008924;2000;1;1;1;2000;2583;0.003462;0.293923;2629;2616;0.007692;0;0;0;0;0;0;0;0;3582;2583;2583
"EndGraphicsJobs";0.008232;0.003461;0.223923;4097;2651;4448;3;3;18.8466596615035;0.009423329;0.00777;0.008767;8000;4;4;4;2000;2583;0;0.220308;2587;2988;0.008231999;0;0;0;0;0;0;0;0;3582;2583;2583
"PreLateUpdate.EndGraphicsJobsAfterScriptUpdate";0.008077;0.003692;0.22123;2846;2651;2988;2;2;18.2331559993327;0.009116578;0.007692;0.008615;2000;1;1;1;2000;2583;0.003692;0.22123;2651;2988;0.008077;0;0;0;0;0;0;0;0;3582;2583;2583
"EarlyUpdate.UpdatePreloading";0.008;0.003693;0.459077;3643;2619;4532;2;2;22.640920978738;0.01132046;0.007692;0.008308;2000;1;1;1;2000;2583;0.003693;0.459077;2619;4532;0.009308;0;0;0;0;0;0;0;0;3582;2583;2583
"UnityEngine.CoreModule.dll!UnityEngine.Rendering::RenderPipelineManager.HandleRenderPipelineChange() [Invoke]";0.007999999;0.002692;0.098232;3426;2666;3647;3;3;16.4848288383801;0.008242414;0.007614;0.008462001;4000;2;2;2;2000;2583;0.000538;0.095462;4241;3647;0.008923;0;0;0;0;0;0;0;0;3582;2583;2583
"PrepareUpdateRendererBoundingVolumes";0.007924;0.002847;0.163461;4119;2620;2592;3;10;16.2614798406139;0.00813074;0.007384;0.008460999;6000;3;3;3;2000;2583;7.7E-05;0.162461;2613;2592;0.008615999;0;0;0;0;0;0;0;0;3582;2583;2583
"UnityEngine.IMGUIModule.dll!UnityEngine::Event.Internal_MakeMasterEventCurrent() [Invoke]";0.007693;0.00377;0.079462;2869;2610;4243;11;11;15.6540629828814;0.007827031;0.007384;0.008077;2000;1;1;1;2000;2583;0.00377;0.079462;2610;4243;0.007769;0;0;0;0;0;0;0;0;3582;2583;2583
"GeneralConnection.Poll";0.007693;0.003154;0.496308;4310;2586;3120;5;5;26.6379179283977;0.01331896;0.007385;0.00823;2000;1;1;1;2000;2583;0.003154;0.496308;2586;3120;0.010154;0;0;0;0;0;0;0;0;3582;2583;2583
"Graphics.PresentAndSync";0.007692;0.003308;6.607769;2998;2607;3602;3;3;76.331981909927;0.03816599;0.007308;0.008;2000;1;1;1;2000;2583;0.003308;6.607769;2607;3602;0.007616;0;0;0;0;0;0;0;0;3582;2583;2583
"Inl_UniversalRenderPipeline.CreateLightData";0.007692;0.003615;0.079769;4477;2628;4444;8;8;16.2761579628568;0.008138079;0.007308;0.008307;2000;1;1;1;2000;2583;0.003615;0.079769;2628;4444;0.008539;0;0;0;0;0;0;0;0;3582;2583;2583
"EarlyUpdate.RendererNotifyInvisible";0.007385;0.003385;0.610769;4241;2624;3369;2;2;25.2308339623269;0.01261542;0.007076;0.015308;2000;1;1;1;2000;2583;0.003385;0.610769;2624;3369;0.009154;0;0;0;0;0;0;0;0;3582;2583;2583
"Loading.UpdatePreloading";0.007308;0.003384;0.458154;2971;2634;4532;3;3;20.6737069657538;0.01033685;0.007076;0.007692;2000;1;1;1;2000;2583;0.003384;0.458154;2634;4532;0.008616;0;0;0;0;0;0;0;0;3582;2583;2583
"EarlyUpdate.AnalyticsCoreStatsUpdate";0.007154;0.003461;0.433;3752;2623;2826;2;2;21.6297789579257;0.01081489;0.006846;0.007692;2000;1;1;1;2000;2583;0.003461;0.433;2623;2826;0.008846;0;0;0;0;0;0;0;0;3582;2583;2583
"PostLateUpdate.PlayerEmitCanvasGeometry";0.007077;0.003077;0.107077;4445;2735;3754;2;2;15.1639349677134;0.007581967;0.00677;0.007462;2000;1;1;1;2000;2583;0.003077;0.107077;2735;3754;0.007461;0;0;0;0;0;0;0;0;3582;2583;2583
"Device.Present";0.007;0.003;6.607;3263;2607;3602;4;4;74.8956175441854;0.03744781;0.006539;0.007384;2000;1;1;1;2000;2583;0.003;6.607;2607;3602;0.007;0;0;0;0;0;0;0;0;3582;2583;2583
"ReflectionProbeAnchorManagerUpdate";0.006999;0.002923;0.206461;3657;2685;4392;8;10;14.4896769060288;0.007244838;0.006539;0.007308;4000;2;2;2;2000;2583;0.000692;0.203692;2587;4392;0.006538;0;0;0;0;0;0;0;0;3582;2583;2583
"InputUpdate";0.006846;0.003076;1.187385;3530;2743;3378;4;4;16.5116599539761;0.00825583;0.006462;0.007384;2000;1;1;1;2000;2583;0.003076;1.187385;2743;3378;0.008076;0;0;0;0;0;0;0;0;3582;2583;2583
"LateBehaviourUpdate";0.006769;0.002769;0.292616;3706;2647;2616;3;3;15.4096579980105;0.007704829;0.006384;0.007307;2000;1;1;1;2000;2583;0.002769;0.292616;2647;2616;0.006461;0;0;0;0;0;0;0;0;3582;2583;2583
"PhysicsCore2D.PhysicsWorld.SyncInterpolation";0.006692;0.002846;0.443154;3182;2629;3501;3;3;15.8414529338479;0.008732885;0.006154;0.007308;1814;1;1;1;1814;2584;0.002846;0.443154;2629;3501;0.010154;0;0;0;0;0;0;0;0;3580;2584;2584
"UnityEngine.UIModule.dll!UnityEngine::Canvas.SendPreWillRenderCanvases() [Invoke]";0.006461;0.003077;0.98923;4491;2613;2677;5;5;15.0865299885627;0.007543265;0.006154;0.006769;2000;1;1;1;2000;2583;0.003077;0.98923;2613;2677;0.006154;0;0;0;0;0;0;0;0;3582;2583;2583
"Initialization.DirectorSampleTime";0.006461;0.002538;0.399923;4550;2664;4117;2;2;18.211080950452;0.009105541;0.006153;0.007;2000;1;1;1;2000;2583;0.002538;0.399923;2664;4117;0.007308;0;0;0;0;0;0;0;0;3582;2583;2583
"FixedUpdate.AudioFixedUpdate";0.006384;0.002462;0.441538;3299;2638;3467;2;2;14.3885409370996;0.007931941;0.005539;0.007846;2547;1;1;3;1814;2584;0.000307;0.438769;2741;3467;0.012308;0;0;0;0;0;0;0;0;3580;2584;2584
"CoroutinesDelayedCalls";0.006231;0.002385;0.406462;3888;2592;4216;3;4;15.0857487735339;0.007542874;0.005768;0.006923;10547;5;4;7;2000;2583;0;0.401846;2614;4216;0.007921999;0;0;0;0;0;0;0;0;3582;2583;2583
"PreUpdate.InputForUIUpdate";0.006154;0.002846;0.404846;4117;2597;4108;2;2;14.0769899953157;0.007038495;0.005846;0.006538;2000;1;1;1;2000;2583;0.002846;0.404846;2597;4108;0.007077;0;0;0;0;0;0;0;0;3582;2583;2583
"Render";0.006154;0.002846;0.231077;4288;2649;3005;6;6;12.900685965782;0.006450343;0.005924;0.006461;2000;1;1;1;2000;2583;0.002846;0.231077;2649;3005;0.005923;0;0;0;0;0;0;0;0;3582;2583;2583
"Inl_SetGlobalProperties";0.006077;0.002539;0.119692;4080;2644;3801;8;8;13.025783943478;0.006512892;0.00577;0.006461;2000;1;1;1;2000;2583;0.002539;0.119692;2644;3801;0.006077;0;0;0;0;0;0;0;0;3582;2583;2583
"PhysicsCore2D.PhysicsWorld.PreSimulate";0.005847;0.002462;0.458846;4297;2647;4232;4;4;14.6404479132034;0.008070809;0.005462;0.007616;2547;1;1;3;1814;2584;0.000539;0.458846;2662;4232;0.009923;0;0;0;0;0;0;0;0;3580;2584;2584
"UnityEngine.CoreModule.dll!UnityEngine.Rendering::OnDemandRendering.GetRenderFrameInterval() [Invoke]";0.005847;0.002;0.429615;4319;2585;3846;2;4;14.427465002751;0.007213733;0.00546;0.006307;8000;4;4;4;2000;2583;7.6E-05;0.425769;2588;3846;0.005692001;0;0;0;0;0;0;0;0;3582;2583;2583
"UpdatePreloading";0.005846;0.002769;0.456539;3745;2591;4532;4;4;17.5904728746973;0.008795236;0.005539;0.006154;2000;1;1;1;2000;2583;0.002769;0.456539;2591;4532;0.007;0;0;0;0;0;0;0;0;3582;2583;2583
"Physics2D.Simulate";0.005846;0.00223;0.308615;4082;2651;4191;3;3;14.6043648859486;0.008050918;0.005538;0.008693;2547;1;1;3;1814;2584;0.001;0.308615;2602;4191;0.012846;0;0;0;0;0;0;0;0;3580;2584;2584
"EarlyUpdate.PlayerCleanupCachedData";0.005846;0.002538;0.420385;4206;2685;3537;2;2;17.6924549774267;0.008846227;0.005539;0.006154;2000;1;1;1;2000;2583;0.002538;0.420385;2685;3537;0.00777;0;0;0;0;0;0;0;0;3582;2583;2583
"PreLateUpdate.Physics2DLateUpdate";0.005616;0.002077;0.399692;3126;2647;3814;2;2;12.2255499516614;0.006112775;0.005;0.006462;2000;1;1;1;2000;2583;0.002077;0.399692;2647;3814;0.004847;0;0;0;0;0;0;0;0;3582;2583;2583
"Director.SampleTime";0.005539;0.002231;0.385616;2704;2664;3034;3;3;15.8060719459318;0.007903036;0.00523;0.005923;2000;1;1;1;2000;2583;0.002231;0.385616;2664;3034;0.006153;0;0;0;0;0;0;0;0;3582;2583;2583
"Camera.Render";0.005539;0.001538;1.309923;3344;3906;2734;3;3;16.2543269926682;0.008127163;0.005231;0.005923;2000;1;1;1;2000;2583;0.001538;1.309923;3906;2734;0.005538;0;0;0;0;0;0;0;0;3582;2583;2583
"PreUpdate.WindUpdate";0.005539;0.002538;0.355692;3833;2636;2970;2;2;12.2660509096459;0.006133026;0.005307;0.005846;2000;1;1;1;2000;2583;0.002538;0.355692;2636;2970;0.005923;0;0;0;0;0;0;0;0;3582;2583;2583
"UnityEngine.ContentLoadModule.dll!Unity.Loading::ContentLoadingSystem.ProcessResults() [Invoke]";0.005462;0.002461;0.540077;2706;2629;2671;3;3;15.2079149240162;0.007603957;0.005;0.006077;2000;1;1;1;2000;2583;0.002461;0.540077;2629;2671;0.006769;0;0;0;0;0;0;0;0;3582;2583;2583
"Assembly-CSharp.dll!Starters::SafeArea.Update() [Invoke]";0.005462;0.002154;0.225846;2900;2643;2909;4;4;11.9247579311486;0.005962379;0.005154;0.005846;2000;1;1;1;2000;2583;0.002154;0.225846;2643;2909;0.007308;0;0;0;0;0;0;0;0;3582;2583;2583
"PrepareSceneNodesSetUp";0.005461;7.7E-05;0.120152;4066;2613;4231;12;12;3.05473700712901;0.006109474;0.002385;0.005846;2502;6;1;6;500;2583;0;0.115;2583;2939;0;0;0;0;0;0;0;0;0;3409;2583;2583
"FrameEvents.OnBeforeRenderCallback";0.005308;0.002385;0.136;4287;2674;4294;3;3;11.3880079246592;0.005694004;0.005;0.005769;2000;1;1;1;2000;2583;0.002385;0.136;2674;4294;0.004615;0;0;0;0;0;0;0;0;3582;2583;2583
"Cleanup Unused Cached Data";0.005231;0.002385;0.419384;2923;2627;3537;3;3;15.5209379482549;0.007760469;0.004923;0.005538;2000;1;1;1;2000;2583;0.002385;0.419384;2627;3537;0.007077;0;0;0;0;0;0;0;0;3582;2583;2583
"UnsafeUtility.Malloc";0.005231;0.002154;0.064384;3286;2628;3198;9;9;12.1458479559515;0.006072924;0.004846;0.005846;2000;1;1;1;2000;2583;0.002154;0.064384;2628;3198;0.005923;0;0;0;0;0;0;0;0;3582;2583;2583
"Gfx.EndAsyncJobFrame";0.005231;0.002461;0.218385;4089;2647;2988;4;4;12.2645359444432;0.006132268;0.004923;0.005539;2000;1;1;1;2000;2583;0.002461;0.218385;2647;2988;0.005307;0;0;0;0;0;0;0;0;3582;2583;2583
"Physics.RunSimulationStage";0.00523;0.002077;0.445615;3599;2641;3538;3;3;14.0983218967449;0.007771953;0.004846;0.007384;2547;1;1;3;1814;2584;0.000692;0.407077;2594;3538;0.010307;0;0;0;0;0;0;0;0;3580;2584;2584
"GC.Alloc";0.00523;0.001999;0.336076;3868;2591;3473;4;9;11.553709829459;0.005776855;0.004769;0.005691;8547;4;3;6;2000;2583;0;0.332538;2594;3473;0.005617;207299;8547;103;99;82;133;99;116;3987;2583;2594
"PreLateUpdate.PhysicsCore2DLateUpdate";0.005;0.001538;0.573;3899;2629;3265;2;2;12.0257679929491;0.006012884;0.004308;0.005846;2000;1;1;1;2000;2583;0.001538;0.573;2629;3265;0.004615;0;0;0;0;0;0;0;0;3582;2583;2583
"ReflectionProbes.Update";0.004923;0.001923;0.085846;2852;2694;4481;4;4;10.8538389720488;0.00542692;0.004538;0.005231;2000;1;1;1;2000;2583;0.001923;0.085846;2694;4481;0.048846;0;0;0;0;0;0;0;0;3582;2583;2583
"PlayerCleanupCachedData";0.004692;0.002154;0.418693;3239;2605;3537;4;4;14.0526719340123;0.007026336;0.004385;0.005;2000;1;1;1;2000;2583;0.002154;0.418693;2605;3537;0.006462;0;0;0;0;0;0;0;0;3582;2583;2583
"Inl_UniversalRenderPipeline.CreateShadowData";0.004616;0.001923;0.032077;4144;2670;3396;8;8;9.40977398608811;0.004704887;0.004307;0.005154;2000;1;1;1;2000;2583;0.001923;0.032077;2670;3396;0.005154;0;0;0;0;0;0;0;0;3582;2583;2583
"SpeedTreeWindManager.Update";0.004615;0.001923;0.350154;3599;2668;4314;3;3;9.89791299006902;0.004948956;0.004308;0.004847;2000;1;1;1;2000;2583;0.001923;0.350154;2668;4314;0.004923;0;0;0;0;0;0;0;0;3582;2583;2583
"Application.Integrate Assets in Background";0.004615;0.002153;0.455077;4068;2627;4532;5;5;14.0159309685696;0.007007965;0.004384;0.004923;2000;1;1;1;2000;2583;0.002153;0.455077;2627;4532;0.005615;0;0;0;0;0;0;0;0;3582;2583;2583
"ApplyPass.PrepareKeywords";0.004615;0.001846;0.27646;4348;2607;4238;5;14;10.3118828719016;0.005155941;0.004307;0.004999;8000;4;4;4;2000;2583;7.6E-05;0.27423;2648;4238;0.004461;0;0;0;0;0;0;0;0;3582;2583;2583
"AudioProfiler.CaptureFrame";0.004615;0.001846;0.725462;4519;2608;2607;6;6;10.9766579964198;0.005488329;0.004384;0.004923;2000;1;1;1;2000;2583;0.001846;0.725462;2608;2607;0.004846;0;0;0;0;0;0;0;0;3582;2583;2583
"Find dependency chain";0.004614;0.000691;0.163846;3876;2603;3771;4;13;9.76476581249153;0.004926723;0.003691;0.005308;8034;4;1;7;1982;2583;7.6E-05;0.160538;2596;3771;0.005231;0;0;0;0;0;0;0;0;3580;2583;2583
"EndDynamicVBOFrame";0.004538;0.001769;0.646077;3357;2607;3350;5;5;11.9133970016846;0.005956699;0.00423;0.004846;2000;1;1;1;2000;2583;0.001769;0.646077;2607;3350;0.004692;0;0;0;0;0;0;0;0;3582;2583;2583
"Physics.Simulate";0.004538;0.001846;0.444385;4051;2630;3538;4;4;12.5872290654806;0.006938936;0.004231;0.006231;2547;1;1;3;1814;2584;0.000615;0.406231;2586;3538;0.009078;0;0;0;0;0;0;0;0;3580;2584;2584
"PostLateUpdate.UpdateRectTransform";0.004385;0.001539;0.288615;2940;2625;4056;2;2;9.50759598426521;0.004753798;0.004;0.004923;2000;1;1;1;2000;2583;0.001539;0.288615;2625;4056;0.004385;0;0;0;0;0;0;0;0;3582;2583;2583
"PrepareSceneNodesJob";0.004385;0.002077;0.103077;3125;2648;3939;12;12;0.87253100075759;0.004901859;0.003769;0.004923;178;1;1;1;178;2587;0.002077;0.103077;2648;3939;0;0;0;0;0;0;0;0;0;3430;2587;2587
"LOD.ComputeLOD";0.004385;0.001769;0.143538;3520;2631;3818;9;10;9.0286420310149;0.004514321;0.004153;0.004692;4000;2;2;2;2000;2583;7.6E-05;0.142846;2739;3818;0.004538;0;0;0;0;0;0;0;0;3582;2583;2583
"AudioManager.FixedUpdate";0.004385;0.001846;0.311077;3664;2588;4396;3;3;9.7263249825919;0.005361811;0.004;0.005154;2547;1;1;3;1814;2584;7.6E-05;0.310231;2625;4396;0.008308;0;0;0;0;0;0;0;0;3580;2584;2584
"WaitForRenderJobs";0.004307;0.001923;0.215462;4382;2647;2988;5;5;10.2562530196737;0.005128127;0.004;0.004615;2000;1;1;1;2000;2583;0.001923;0.215462;2647;2988;0.004077;0;0;0;0;0;0;0;0;3582;2583;2583
"FixedUpdate.DirectorFixedUpdate";0.004077;0.001846;0.371693;4277;2588;2815;2;2;8.92754197237082;0.004921468;0.00377;0.005154;2547;1;1;3;1814;2584;0.000307;0.371693;2621;2815;0.006923;0;0;0;0;0;0;0;0;3580;2584;2584
"CullSceneDynamicObjectsCombineJob";0.004;0.00177;0.041462;2795;2735;3144;10;10;2.20614801696502;0.003904687;0.003692;0.00423;565;1;1;1;565;2584;0.00177;0.041462;2735;3144;0;0;0;0;0;0;0;0;0;3439;2584;2584
"Profiler.SerializeStats";0.004;0.001615;0.084308;3240;2663;3658;5;5;8.26498305902351;0.004132492;0.003769;0.004231;2000;1;1;1;2000;2583;0.001615;0.084308;2663;3658;0.004;0;0;0;0;0;0;0;0;3582;2583;2583
"UnityEngine.CoreModule.dll!UnityEngine.Rendering::SupportedRenderingFeatures.IsLightmapBakeTypeSupportedByRef() [Invoke]";0.004;0.001538;0.165461;3472;2652;3060;3;3;11.8902310335543;0.005945115;0.003692;0.004308;2000;1;1;1;2000;2583;0.001538;0.165461;2652;3060;0.004;0;0;0;0;0;0;0;0;3582;2583;2583
"UnityEngine.InputForUIModule.dll!UnityEngine.InputForUI::EventProvider.NotifyUpdate() [Invoke]";0.004;0.001846;0.362769;3632;2607;3810;3;3;8.94146704650484;0.004470733;0.003693;0.004308;2000;1;1;1;2000;2583;0.001846;0.362769;2607;3810;0.004615;0;0;0;0;0;0;0;0;3582;2583;2583
"UnsafeUtility.Free";0.004;0.001538;0.071;3992;2652;4196;9;9;8.50622803159058;0.004253114;0.003692;0.004385;2000;1;1;1;2000;2583;0.001538;0.071;2652;4196;0.005154;0;0;0;0;0;0;0;0;3582;2583;2583
"PhysicsCore2D.PhysicsWorld.ProcessTransformWriteTweens";0.004;0.001615;0.105308;4068;2619;3184;3;4;8.30537299346179;0.004152686;0.003769;0.004307;3814;2;1;2;2000;2583;0.000692;0.103154;2736;3184;0.004615;0;0;0;0;0;0;0;0;3582;2583;2583
"UGUI.Rendering.EmitWorldScreenspaceCameraGeometry";0.003923;0.001615;0.064385;3298;2614;2980;4;4;8.22220382199157;0.004111102;0.003616;0.00423;4000;2;2;2;2000;2583;0.000384;0.061616;2614;2980;0.004078;0;0;0;0;0;0;0;0;3582;2583;2583
"GarbageCollector.CollectIncremental";0.003923;0.001538;3.674231;4449;2603;3994;4;4;16.8095341920853;0.008404767;0.003692;0.004231;2000;1;1;1;2000;2583;0.001538;3.674231;2603;3994;0.004307;0;0;0;0;0;0;0;0;3582;2583;2583
"Physics.CalculateChangedColliderTransforms";0.003693;0.001615;0.142154;2888;2622;4389;5;5;7.80154395697173;0.004300741;0.003385;0.004385;2547;1;1;3;1814;2584;0.000307;0.142154;2606;4389;0.005923;0;0;0;0;0;0;0;0;3580;2584;2584
"UnityEngine.CoreModule.dll!UnityEngine::Application.InvokeOnBeforeRender() [Invoke]";0.003693;0.001615;0.133846;3568;2640;4294;4;4;8.0105340227019;0.004005267;0.003461;0.004;2000;1;1;1;2000;2583;0.001615;0.133846;2640;4294;0.003308;0;0;0;0;0;0;0;0;3582;2583;2583
"Physics2D.SyncTransformChanges";0.003693;0.001308;0.253231;4312;2661;2963;4;4;9.84314692707267;0.005426211;0.003462;0.006154;2547;1;1;3;1814;2584;0.000923;0.253231;2590;2963;0.009231;0;0;0;0;0;0;0;0;3580;2584;2584
"Director.PrepareFrame";0.003692;0.000616;0.213613;2822;2651;4496;3;3;8.07530591503019;0.004037653;0.003232;0.004078;15094;7;5;11;2000;2583;0;0.210461;2586;4496;0.004076;0;0;0;0;0;0;0;0;3582;2583;2583
"Physics2D.CollectProfileInfo";0.003615;0.00123;0.397;3304;2647;3814;3;3;7.73339497530833;0.003866697;0.003077;0.004077;2000;1;1;1;2000;2583;0.00123;0.397;2647;3814;0.002846;0;0;0;0;0;0;0;0;3582;2583;2583
"Initialization.UpdateCameraMotionVectors";0.003615;0.000923;3.113615;3844;2586;3907;2;2;13.5859370462713;0.006792969;0.003154;0.004;2000;1;1;1;2000;2583;0.000923;3.113615;2586;3907;0.005769;0;0;0;0;0;0;0;0;3582;2583;2583
"FrameEvents.XRBeginFrame";0.003462;0.001462;0.054077;3286;2586;4289;3;3;7.25045098981354;0.003625226;0.003154;0.003769;2000;1;1;1;2000;2583;0.001462;0.054077;2586;4289;0.003615;0;0;0;0;0;0;0;0;3582;2583;2583
"Connections.Process";0.003462;0.001461;0.491769;3594;2685;3120;6;6;12.8372039851965;0.006418602;0.003384;0.003693;2000;1;1;1;2000;2583;0.001461;0.491769;2685;3120;0.004077;0;0;0;0;0;0;0;0;3582;2583;2583
"PreUpdate.PhysicsCore2DUpdate";0.003461;0.00123;0.072385;3334;2636;3493;2;2;8.06939196889289;0.004034696;0.003308;0.003923;2000;1;1;1;2000;2583;0.00123;0.072385;2636;3493;0.003384;0;0;0;0;0;0;0;0;3582;2583;2583
"PostLateUpdate.UpdateVideoTextures";0.003461;0.000923;0.06923;3820;2643;3491;2;2;7.84979698504321;0.003924898;0.003077;0.004;2000;1;1;1;2000;2583;0.000923;0.06923;2643;3491;0.004077;0;0;0;0;0;0;0;0;3582;2583;2583
"Update.DirectorUpdate";0.003385;0.000923;0.050847;3371;2691;3924;2;2;7.38830497377785;0.003694152;0.003;0.004;2000;1;1;1;2000;2583;0.000923;0.050847;2691;3924;0.003077;0;0;0;0;0;0;0;0;3582;2583;2583
"GUITexture.Draw";0.003384;0.001231;0.303769;3828;2584;3523;4;4;11.6469919511583;0.005823496;0.003077;0.003692;2000;1;1;1;2000;2583;0.001231;0.303769;2584;3523;0.005;0;0;0;0;0;0;0;0;3582;2583;2583
"EarlyUpdate.ScriptRunDelayedStartupFrame";0.003308;0.001231;0.524308;2707;2737;2961;2;2;9.59959900972899;0.0047998;0.003077;0.003692;2000;1;1;1;2000;2583;0.001231;0.524308;2737;2961;0.00377;0;0;0;0;0;0;0;0;3582;2583;2583
"PreUpdate.PhysicsUpdate";0.003307;0.001307;0.390385;3920;2602;3411;2;2;7.99693095777184;0.003998465;0.003077;0.003461;2000;1;1;1;2000;2583;0.001307;0.390385;2602;3411;0.003461;0;0;0;0;0;0;0;0;3582;2583;2583
"TerrainManager.CullAllTerrains";0.003154;0.001538;0.094384;2994;2593;3396;8;8;6.67698894103523;0.003338495;0.003077;0.003384;2000;1;1;1;2000;2583;0.001538;0.094384;2593;3396;0.003077;0;0;0;0;0;0;0;0;3582;2583;2583
"UnityEngine.CoreModule.dll!UnityEngine.Rendering::SupportedRenderingFeatures.IsUIOverlayRenderedBySRP() [Invoke]";0.003154;0.00123;0.129;4569;2586;3128;3;3;6.75820796424523;0.003379104;0.003;0.003615;2000;1;1;1;2000;2583;0.00123;0.129;2586;3128;0.002846;0;0;0;0;0;0;0;0;3582;2583;2583
"Assembly-CSharp.dll!Starters::PauseMenu.Update() [Invoke]";0.003153;0.001538;2.599385;4182;2596;3879;4;4;9.4847289850004;0.004742364;0.003;0.003384;2000;1;1;1;2000;2583;0.001538;2.599385;2596;3879;0.003923;0;0;0;0;0;0;0;0;3582;2583;2583
"PreLateUpdate.ConstraintManagerUpdate";0.003077;0.001307;0.101846;3161;2606;3987;2;2;6.51797494175844;0.003258988;0.002846;0.003308;2000;1;1;1;2000;2583;0.001307;0.101846;2606;3987;0.002769;0;0;0;0;0;0;0;0;3582;2583;2583
"UIElements.PreUpdatePanelRenderers";0.003077;0.001307;1.030154;3686;2691;2737;4;4;7.96882894355804;0.003984415;0.002846;0.003308;2000;1;1;1;2000;2583;0.001307;1.030154;2691;2737;0.003077;0;0;0;0;0;0;0;0;3582;2583;2583
"PxScene.simulate";0.003077;0.001154;0.406538;4200;2630;3538;5;5;8.46945391106419;0.004668938;0.002846;0.004309;2547;1;1;3;1814;2584;0.000308;0.404;2594;3538;0.00654;0;0;0;0;0;0;0;0;3580;2584;2584
"UnityEngine.PhysicsCore2DModule.dll!Unity.U2D.Physics::PhysicsEvents.InvokePreSimulate() [Invoke]";0.002846;0.001307;0.454231;3872;2620;4232;5;5;6.87532792589627;0.003790148;0.002692;0.003386;2547;1;1;3;1814;2584;7.7E-05;0.454231;2598;4232;0.004154;0;0;0;0;0;0;0;0;3580;2584;2584
"UIEvents.CanvasmanagerEmitOnScreenGeometry";0.002846;0.001;0.059154;4276;2612;2960;3;3;6.04153492534533;0.003020767;0.002769;0.003077;2000;1;1;1;2000;2583;0.001;0.059154;2612;2960;0.003384;0;0;0;0;0;0;0;0;3582;2583;2583
"Input.Android.Process";0.002846;0.001231;0.428616;4354;2596;3215;2;2;7.79078292218037;0.003895391;0.002692;0.003154;2000;1;1;1;2000;2583;0.001231;0.428616;2596;3215;0.003;0;0;0;0;0;0;0;0;3582;2583;2583
"PostLateUpdate.DirectorRenderImage";0.002846;0.000923;0.048616;4578;2586;2805;2;2;6.44168496335624;0.003220842;0.002538;0.003385;2000;1;1;1;2000;2583;0.000923;0.048616;2586;2805;0.002461;0;0;0;0;0;0;0;0;3582;2583;2583
"Touchscreen.OnNextUpdate";0.00277;0.001231;0.061538;4349;2683;3081;4;4;5.91440392297227;0.002957202;0.002769;0.003077;2000;1;1;1;2000;2583;0.001231;0.061538;2683;3081;0.004077;0;0;0;0;0;0;0;0;3582;2583;2583
"SetLightBlendTextures";0.002769;0.001;0.081846;3325;2603;3805;9;9;7.93039891228545;0.003965199;0.002462;0.003077;2000;1;1;1;2000;2583;0.001;0.081846;2603;3805;0.002846;0;0;0;0;0;0;0;0;3582;2583;2583
"PreUpdate.IMGUISendQueuedEvents";0.002769;0.001;0.072693;3765;2735;3620;2;2;5.98261691303924;0.002991308;0.002538;0.003;2000;1;1;1;2000;2583;0.001;0.072693;2735;3620;0.00377;0;0;0;0;0;0;0;0;3582;2583;2583
"TimeManager.Update";0.002769;0.00123;0.398231;3859;2633;3958;3;3;6.85291093413252;0.003426455;0.002539;0.003;2000;1;1;1;2000;2583;0.00123;0.398231;2633;3958;0.003;0;0;0;0;0;0;0;0;3582;2583;2583
"FixedUpdate.ScriptRunBehaviourFixedUpdate";0.002693;0.00123;0.388;4149;2591;4397;2;2;6.330538907554;0.003489823;0.002462;0.003462;2547;1;1;3;1814;2584;0.000307;0.388;2594;4397;0.004615;0;0;0;0;0;0;0;0;3580;2584;2584
"webRequestStop.Invoke";0.002692;0.002692;0.002692;3522;3522;3522;3;3;0.00269200000911951;0.002692;0.002692;0.002692;1;1;1;1;1;3522;0.002692;0.002692;3522;3522;0;0;0;0;0;0;0;0;0;3522;3522;3522
"Inl_SetLightBlendTextures";0.002692;0.000923;0.099077;3721;2664;4018;8;8;5.68088892177911;0.002840444;0.002461;0.002846;2000;1;1;1;2000;2583;0.000923;0.099077;2664;4018;0.002692;0;0;0;0;0;0;0;0;3582;2583;2583
"ReflectionProbeAnchorPositionUpdate";0.002615;0.0009989999;0.200923;3265;2607;4392;9;11;5.70975891523995;0.002854879;0.002385;0.00277;4000;2;2;2;2000;2583;7.7E-05;0.2;2587;4392;0.002461;0;0;0;0;0;0;0;0;3582;2583;2583
"ClipperRegistry.Cull";0.002539;0.001231;0.224231;4432;2688;3005;7;7;5.75533692503814;0.002877668;0.002462;0.002769;2000;1;1;1;2000;2583;0.001231;0.224231;2688;3005;0.002539;0;0;0;0;0;0;0;0;3582;2583;2583
"Director.ProcessFrame";0.002536;0.000462;0.367846;4131;2607;2815;3;3;5.8197449480358;0.002909872;0.002154;0.002847;15094;7;5;11;2000;2583;0;0.365307;2583;2815;0.003307;0;0;0;0;0;0;0;0;3582;2583;2583
"SoundManager.Update";0.002462;0.000923;0.050692;3114;2602;4447;3;3;5.20779294631211;0.002603896;0.002154;0.002769;2000;1;1;1;2000;2583;0.000923;0.050692;2602;4447;0.002077;0;0;0;0;0;0;0;0;3582;2583;2583
"EarlyUpdate.DispatchEventQueueEvents";0.002462;0.001;0.40923;4174;2588;3529;2;2;6.08687890588772;0.003043439;0.002461;0.002693;2000;1;1;1;2000;2583;0.001;0.40923;2588;3529;0.002538;0;0;0;0;0;0;0;0;3582;2583;2583
"CullResultsToNativeArrays";0.002461;0.000923;0.123384;3163;2610;3442;8;8;5.03893896442605;0.002519469;0.002154;0.002692;2000;1;1;1;2000;2583;0.000923;0.123384;2610;3442;0.002231;0;0;0;0;0;0;0;0;3582;2583;2583
"SetGlobalProperties";0.002461;0.000923;0.312923;4420;2585;3446;9;9;10.1745889191516;0.005087295;0.002231;0.00277;2000;1;1;1;2000;2583;0.000923;0.312923;2585;3446;0.002154;0;0;0;0;0;0;0;0;3582;2583;2583
"UIEvents.CanvasManagerEmitOffScreenGeometry";0.002384;0.000692;0.101615;2899;2651;3754;3;3;5.1910809740657;0.002595541;0.002154;0.002538;2000;1;1;1;2000;2583;0.000692;0.101615;2651;3754;0.002384;0;0;0;0;0;0;0;0;3582;2583;2583
"PostLateUpdate.VFXUpdate";0.002231;0.001;0.046538;4473;2583;2945;2;2;4.74651599081699;0.002373258;0.002154;0.002462;2000;1;1;1;2000;2583;0.001;0.046538;2583;2945;0.003;0;0;0;0;0;0;0;0;3582;2583;2583
"Physics.Interpolation";0.002155;0.000769;0.387385;3330;2661;3411;3;3;5.34557092236355;0.002672785;0.002076;0.002385;3814;2;1;2;2000;2583;7.6E-05;0.385846;2739;3411;0.002692;0;0;0;0;0;0;0;0;3582;2583;2583
"EarlyUpdate.UpdateTextureStreamingManager";0.002154;0.000923;0.395385;3387;2585;3443;2;2;5.64685504417866;0.002823428;0.002077;0.002231;2000;1;1;1;2000;2583;0.000923;0.395385;2585;3443;0.002461;0;0;0;0;0;0;0;0;3582;2583;2583
"Update.ScriptRunDelayedDynamicFrameRate";0.002154;0.000615;0.240692;3702;2639;3793;2;2;5.17713296972215;0.002588566;0.001846;0.002692;2000;1;1;1;2000;2583;0.000615;0.240692;2639;3793;0.001846;0;0;0;0;0;0;0;0;3582;2583;2583
"SpeedTreeWindManager.UpdateGlobalAndLocalWinds";0.002154;0.000923;0.347769;4104;2599;4314;4;4;4.89230898645474;0.002446155;0.002077;0.002461;2000;1;1;1;2000;2583;0.000923;0.347769;2599;4314;0.002461;0;0;0;0;0;0;0;0;3582;2583;2583
"Connections.Poll";0.002154;0.000692;0.421;4245;2619;2714;6;6;8.49477896955796;0.004247389;0.001923;0.002462;2000;1;1;1;2000;2583;0.000692;0.421;2619;2714;0.003384;0;0;0;0;0;0;0;0;3582;2583;2583
"PhysicsCore2D.PhysicsWorld.PostSimulate";0.002154;0.000616;0.420923;4485;2743;2827;4;4;6.04489994770847;0.003332359;0.001923;0.003462;2547;1;1;3;1814;2584;0.000384;0.420923;2598;2827;0.005308;0;0;0;0;0;0;0;0;3580;2584;2584
"Unity.RenderPipelines.Universal.2D.Runtime.dll!UnityEngine.Rendering.Universal::Light2D.LateUpdate() [Invoke]";0.002077;0.000693;0.242077;3353;2735;3877;4;4;4.99938097136328;0.002499691;0.001846;0.00223;2000;1;1;1;2000;2583;0.000693;0.242077;2735;3877;0.001615;0;0;0;0;0;0;0;0;3582;2583;2583
"EarlyUpdate.ProcessMouseInWindow";0.001923;0.000615;0.368384;2892;2586;2723;2;2;5.82029495516326;0.002910147;0.001615;0.002461;2000;1;1;1;2000;2583;0.000615;0.368384;2586;2723;0.004;0;0;0;0;0;0;0;0;3582;2583;2583
"Initialization.AsyncUploadTimeSlicedUpdate";0.001923;0.000692;0.381769;2967;2619;3858;2;2;4.95490796898957;0.002477454;0.001846;0.002154;2000;1;1;1;2000;2583;0.000692;0.381769;2619;3858;0.003077;0;0;0;0;0;0;0;0;3582;2583;2583
"UIR.Free";0.001923;0.000692;0.036923;2989;2651;2954;4;4;3.98691498552216;0.001993458;0.001846;0.002154;2000;1;1;1;2000;2583;0.000692;0.036923;2651;2954;0.001923;0;0;0;0;0;0;0;0;3582;2583;2583
"ContentLoadFrontend.IntegrateUpdate";0.001847;0.000692;0.403;3616;2614;2856;3;3;6.73521598585648;0.003367608;0.001769;0.002153;2000;1;1;1;2000;2583;0.000692;0.403;2614;2856;0.002692;0;0;0;0;0;0;0;0;3582;2583;2583
"Inl_RenderPipeline.EndCameraRendering";0.001846;0.000692;0.127154;2744;2585;3558;6;6;3.82055394572672;0.001910277;0.001615;0.001923;2000;1;1;1;2000;2583;0.000692;0.127154;2585;3558;0.001769;0;0;0;0;0;0;0;0;3582;2583;2583
"Light2D Pass";0.001846;0.000615;0.219692;3210;2587;3350;9;9;8.56422197341453;0.004282111;0.001616;0.001923;2000;1;1;1;2000;2583;0.000615;0.219692;2587;3350;0.001846;0;0;0;0;0;0;0;0;3582;2583;2583
"EarlyUpdate.XRUpdate";0.001846;0.000692;0.363384;3497;2595;3787;2;2;4.48329295782605;0.002241646;0.001616;0.001923;2000;1;1;1;2000;2583;0.000692;0.363384;2595;3787;0.002154;0;0;0;0;0;0;0;0;3582;2583;2583
"beforeCameraRender.Invoke";0.001846;0.000692;0.102385;3516;2667;3610;3;3;3.75573895632988;0.001877869;0.001769;0.001847;2000;1;1;1;2000;2583;0.000692;0.102385;2667;3610;0.002077;0;0;0;0;0;0;0;0;3582;2583;2583
"PhysicsCore2D.PhysicsWorld.WriteTransforms";0.001846;0.000692;0.567693;4290;2679;3397;4;4;5.16347394720651;0.002846458;0.001769;0.002385;2547;1;1;3;1814;2584;7.7E-05;0.565924;2602;3397;0.002999;0;0;0;0;0;0;0;0;3580;2584;2584
"PostLateUpdate.DirectorLateUpdate";0.001846;0.000384;0.276692;4326;2635;3650;2;2;4.47842597018462;0.002239213;0.001769;0.002154;2000;1;1;1;2000;2583;0.000384;0.276692;2635;3650;0.002076;0;0;0;0;0;0;0;0;3582;2583;2583
"GlobalEventQueue";0.001769;0.000616;0.241846;2765;2599;3195;3;3;3.95256892661564;0.001976284;0.001539;0.001846;2000;1;1;1;2000;2583;0.000616;0.241846;2599;3195;0.001846;0;0;0;0;0;0;0;0;3582;2583;2583
"Flush DSP connections";0.001769;0.000615;0.120307;3808;2595;4410;6;6;3.79654594580643;0.001898273;0.001538;0.001846;2000;1;1;1;2000;2583;0.000615;0.120307;2595;4410;0.001846;0;0;0;0;0;0;0;0;3582;2583;2583
"EarlyUpdate.ExecuteMainThreadJobs";0.001769;0.000615;0.502154;3888;2613;3651;2;2;5.58876495918958;0.002794382;0.001539;0.001847;2000;1;1;1;2000;2583;0.000615;0.502154;2613;3651;0.002231;0;0;0;0;0;0;0;0;3582;2583;2583
"FixedUpdate.DirectorFixedUpdatePostPhysics";0.001769;0.000384;0.06377;4301;2608;4041;2;2;4.32420192100108;0.002383794;0.001539;0.00277;2547;1;1;3;1814;2584;0.000308;0.06377;2653;4041;0.004;0;0;0;0;0;0;0;0;3580;2584;2584
"FindObjectsOfType";0.001616;0.000615;0.049308;3323;2643;3781;9;9;3.61695393535774;0.001808477;0.001538;0.001846;2000;1;1;1;2000;2583;0.000615;0.049308;2643;3781;0.001846;0;0;0;0;0;0;0;0;3582;2583;2583
"Update Lights";0.001615;0.000385;0.127616;4036;2650;2872;3;3;4.45668893682887;0.002228345;0.001462;0.001923;2000;1;1;1;2000;2583;0.000385;0.127616;2650;2872;0.001538;0;0;0;0;0;0;0;0;3582;2583;2583
"EarlyUpdate.UpdateAsyncInstantiate";0.001539;0.000615;0.379385;3329;2737;3750;2;2;4.83745291677769;0.002418726;0.001538;0.001616;2000;1;1;1;2000;2583;0.000615;0.379385;2737;3750;0.001769;0;0;0;0;0;0;0;0;3582;2583;2583
"Profiler.CollectGIStats";0.001539;0.000692;0.201538;3664;2592;3851;5;5;3.47754792810883;0.001738774;0.001538;0.001769;2000;1;1;1;2000;2583;0.000692;0.201538;2592;3851;0.001538;0;0;0;0;0;0;0;0;3582;2583;2583
"PreLateUpdate.DirectorUpdateAnimationBegin";0.001538;0.000307;0.029;2756;2621;3580;2;2;2.84824991808273;0.001424125;0.001308;0.001539;2000;1;1;1;2000;2583;0.000307;0.029;2621;3580;0.001231;0;0;0;0;0;0;0;0;3582;2583;2583
"Physics2D.SyncColliderTransformChanges";0.001538;0.000538;0.25077;3989;2650;2963;5;5;3.81523892108817;0.002103219;0.001308;0.002384;2547;1;1;3;1814;2584;0.000307;0.25077;2594;2963;0.003538;0;0;0;0;0;0;0;0;3580;2584;2584
"FrameEvents.XREndFrame";0.001462;0.000615;0.55977;3729;2593;4259;4;4;3.60074790765066;0.001800374;0.001308;0.001539;2000;1;1;1;2000;2583;0.000615;0.55977;2593;4259;0.001539;0;0;0;0;0;0;0;0;3582;2583;2583
"PostLateUpdate.ClearImmediateRenderers";0.001462;0.000615;0.108615;4272;2588;2768;2;2;3.16252691828413;0.001581263;0.001308;0.001539;2000;1;1;1;2000;2583;0.000615;0.108615;2588;2768;0.001538;0;0;0;0;0;0;0;0;3582;2583;2583
"PostLateUpdate.PlayerSendFramePostPresent";0.001462;0.000615;0.046077;4272;2583;3729;2;2;3.00346791377524;0.001501734;0.001308;0.001539;2000;1;1;1;2000;2583;0.000615;0.046077;2583;3729;0.001307;0;0;0;0;0;0;0;0;3582;2583;2583
"Physics2D.SyncRigidbodyTransformChanges";0.001462;0.000384;0.224308;4451;2612;2915;5;5;4.05301091945148;0.002234295;0.001307;0.002308;2547;1;1;3;1814;2584;0.000307;0.223385;2606;2915;0.003461;0;0;0;0;0;0;0;0;3580;2584;2584
"CanvasUpdate.Prelayout";0.001461;0.000385;0.062692;4017;2609;4340;7;7;2.92662891958025;0.001463314;0.001307;0.001538;2000;1;1;1;2000;2583;0.000385;0.062692;2609;4340;0.001538;0;0;0;0;0;0;0;0;3582;2583;2583
"FixedUpdate.ScriptRunDelayedFixedFrameRate";0.001461;0.000307;0.393153;4086;2646;3812;2;2;3.92515092948452;0.00216381;0.00123;0.002154;2547;1;1;3;1814;2584;0.000307;0.392;2590;3812;0.003077;0;0;0;0;0;0;0;0;3580;2584;2584
"PostLateUpdate.GUIClearEvents";0.001461;0.000615;0.03223;4088;2584;3601;2;2;2.8877959252568;0.001443898;0.001231;0.001539;2000;1;1;1;2000;2583;0.000615;0.03223;2584;3601;0.001462;0;0;0;0;0;0;0;0;3582;2583;2583
"ConstraintManager::Update";0.001461;0.000615;0.1;4108;2586;3987;3;3;3.19145692384336;0.001595728;0.001231;0.001539;2000;1;1;1;2000;2583;0.000615;0.1;2586;3987;0.001231;0;0;0;0;0;0;0;0;3582;2583;2583
"PhysicsCore2D.TransformChanged";0.001308;0.000384;0.108308;3945;2601;3378;3;3;3.19097993546166;0.001759085;0.001231;0.002154;2547;1;1;3;1814;2584;0.000307;0.108308;2602;3378;0.003231;0;0;0;0;0;0;0;0;3580;2584;2584
"Profiler.FlushFileIOCounters";0.001308;0.000384;0.058769;4368;2629;4177;4;4;2.81152092450066;0.00140576;0.001231;0.001538;2000;1;1;1;2000;2583;0.000384;0.058769;2629;4177;0.00123;0;0;0;0;0;0;0;0;3582;2583;2583
"RenderTarget.GrabPixels";0.001307;0.000923;0.034154;2851;2641;3601;6;6;0.271229997801129;0.002039323;0.001231;0.001462;133;1;1;1;133;2596;0.000923;0.034154;2641;3601;0;0;0;0;0;0;0;0;0;3586;2596;2596
"Initialization.XREarlyUpdate";0.001307;0.000384;0.003308;3296;2670;3358;2;2;2.61612093204167;0.00130806;0.00123;0.001462;2000;1;1;1;2000;2583;0.000384;0.003308;2670;3358;0.001846;0;0;0;0;0;0;0;0;3582;2583;2583
"SceneNodesInitJob";0.001307;0.000615;0.002384;3379;2584;2873;12;12;0.447671989095397;0.001305166;0.001231;0.001462;343;1;1;1;343;2584;0.000615;0.002384;2584;2873;0;0;0;0;0;0;0;0;0;3455;2584;2584
"PostLateUpdate.TriggerEndOfFrameCallbacks";0.001307;0.000615;0.297923;3994;2584;3682;2;2;3.02407292684074;0.001512036;0.001231;0.001462;2000;1;1;1;2000;2583;0.000615;0.297923;2584;3682;0.001231;0;0;0;0;0;0;0;0;3582;2583;2583
"PostLateUpdate.ScriptRunDelayedDynamicFrameRate";0.001231;0.000307;0.049462;2702;2609;2881;2;2;2.67444695645827;0.001337223;0.001;0.001307;2000;1;1;1;2000;2583;0.000307;0.049462;2609;2881;0.001231;0;0;0;0;0;0;0;0;3582;2583;2583
"RenderTexture.GarbageCollectTemporary";0.001231;0.000615;0.412923;3193;2584;3537;5;5;3.38924794364721;0.001694624;0.001;0.001308;2000;1;1;1;2000;2583;0.000615;0.412923;2584;3537;0.001923;0;0;0;0;0;0;0;0;3582;2583;2583
"PostLateUpdate.SortingGroupsUpdate";0.001231;0.000384;0.047;3829;2639;4196;2;2;2.97868493708665;0.001489342;0.001231;0.001308;2000;1;1;1;2000;2583;0.000384;0.047;2639;4196;0.001462;0;0;0;0;0;0;0;0;3582;2583;2583
"PreLateUpdate.DirectorUpdateAnimationEnd";0.001231;0.000384;0.048;4091;2586;3983;2;2;2.57662492967211;0.001288312;0.001231;0.001308;2000;1;1;1;2000;2583;0.000384;0.048;2586;3983;0.00123;0;0;0;0;0;0;0;0;3582;2583;2583
"PostLateUpdate.InputEndFrame";0.001231;0.000384;0.112077;4330;2609;4177;2;2;2.69869793576072;0.001349349;0.00123;0.001462;2000;1;1;1;2000;2583;0.000384;0.112077;2609;4177;0.001231;0;0;0;0;0;0;0;0;3582;2583;2583
"Graphics.DrawProcedural";0.00123;0.000307;0.148846;2802;2611;3129;9;9;5.65455295777065;0.002827276;0.001;0.001231;2000;1;1;1;2000;2583;0.000307;0.148846;2611;3129;0.001231;0;0;0;0;0;0;0;0;3582;2583;2583
"CleanUp.TextRenderingGarbageCollect";0.00123;0.000385;0.351692;4033;2627;2869;5;5;2.87494995328598;0.001437475;0.001;0.001231;2000;1;1;1;2000;2583;0.000385;0.351692;2627;2869;0.001923;0;0;0;0;0;0;0;0;3582;2583;2583
"Preload Single Step";0.001154;0.000307;0.036616;2749;2684;4181;6;6;2.6240169738594;0.001312008;0.000924;0.001231;2000;1;1;1;2000;2583;0.000307;0.036616;2684;4181;0.001308;0;0;0;0;0;0;0;0;3582;2583;2583
"EarlyUpdate.UnityWebRequestUpdate";0.001154;0.000384;0.390461;3688;2624;4541;2;2;3.96940496750176;0.001984702;0.001;0.001231;2000;1;1;1;2000;2583;0.000384;0.390461;2624;4541;0.001308;0;0;0;0;0;0;0;0;3582;2583;2583
"PreUpdate.SendMouseEvents";0.001153;0.000307;0.102384;3196;2614;4354;2;2;2.54271696932847;0.001271358;0.000923;0.001231;2000;1;1;1;2000;2583;0.000307;0.102384;2614;4354;0.00123;0;0;0;0;0;0;0;0;3582;2583;2583
"PostLateUpdate.ShaderHandleErrors";0.001;0.000307;0.053462;3500;2587;4167;2;2;2.1947089676105;0.001097354;0.000923;0.00123;2000;1;1;1;2000;2583;0.000307;0.053462;2587;4167;0.000923;0;0;0;0;0;0;0;0;3582;2583;2583
"RenderingCommandBuffer.PrepareKeywords";0.001;0.000307;0.044692;4062;2589;2868;9;9;2.25014896696666;0.001125074;0.000923;0.001231;2000;1;1;1;2000;2583;0.000307;0.044692;2589;2868;0.001154;0;0;0;0;0;0;0;0;3582;2583;2583
"EarlyUpdate.UpdateInputManager";0.001;0.000307;0.037615;4131;2619;3414;2;2;2.25104596579331;0.001125523;0.000923;0.001231;2000;1;1;1;2000;2583;0.000307;0.037615;2619;3414;0.001231;0;0;0;0;0;0;0;0;3582;2583;2583
"FixedUpdate.DirectorFixedSampleTime";0.000924;0.000307;0.065231;3573;2620;4273;2;2;2.19329595883028;0.001209094;0.000846;0.001231;2547;1;1;3;1814;2584;0;0.064615;2594;4273;0.001769;0;0;0;0;0;0;0;0;3580;2584;2584
"PreLateUpdate.DirectorDeferredEvaluate";0.000923;0.000307;0.033615;3018;2588;3662;2;2;1.83222496919916;0.0009161125;0.000693;0.000923;2000;1;1;1;2000;2583;0.000307;0.033615;2588;3662;0.000847;0;0;0;0;0;0;0;0;3582;2583;2583
"Inl_RenderPipeline.BeginContextRendering";0.000923;0.000307;0.104231;3468;2586;3631;5;5;1.97114597156178;0.0009855729;0.000846;0.000923;2000;1;1;1;2000;2583;0.000307;0.104231;2586;3631;0.000923;0;0;0;0;0;0;0;0;3582;2583;2583
"Physics.CalculateChangedBodyTransforms";0.000923;0.000307;0.44823;3643;2620;4267;5;5;2.57378195185447;0.001418843;0.000846;0.001539;2547;1;1;3;1814;2584;0.00023;0.44823;2598;4267;0.002384;0;0;0;0;0;0;0;0;3580;2584;2584
"PostLateUpdate.BatchModeUpdate";0.000923;0.000307;0.101769;4049;2620;3799;2;2;2.04337197710993;0.001021686;0.000923;0.001;2000;1;1;1;2000;2583;0.000307;0.101769;2620;3799;0.001;0;0;0;0;0;0;0;0;3582;2583;2583
"PostLateUpdate.EndGraphicsJobsAfterScriptLateUpdate";0.000923;0.000307;0.253616;4099;2586;3370;2;2;2.50828997645294;0.001254145;0.000923;0.001153;2000;1;1;1;2000;2583;0.000307;0.253616;2586;3370;0.000923;0;0;0;0;0;0;0;0;3582;2583;2583
"Inl_RenderPipeline.EndContextRendering";0.000923;0.000307;0.040385;4424;2632;3848;5;5;2.0513659780845;0.001025683;0.000923;0.001154;2000;1;1;1;2000;2583;0.000307;0.040385;2632;3848;0.000923;0;0;0;0;0;0;0;0;3582;2583;2583
"PostLateUpdate.ProfilerSynchronizeStats";0.000846;7.7E-05;0.058231;2724;2585;4449;2;2;1.70848297723569;0.0008542415;0.000616;0.000923;2000;1;1;1;2000;2583;7.7E-05;0.058231;2585;4449;0.000846;0;0;0;0;0;0;0;0;3582;2583;2583
"Inl_ScriptableRenderer.AddRenderPasses";0.000846;0.00023;0.088231;2952;2679;2658;7;7;1.78791197240935;0.000893956;0.000692;0.000923;2000;1;1;1;2000;2583;0.00023;0.088231;2679;2658;0.000923;0;0;0;0;0;0;0;0;3582;2583;2583
"PreUpdate.Physics2DUpdate";0.000693;0.000307;0.032077;4004;2591;3737;2;2;2.09773897533887;0.001048869;0.000616;0.000847;2000;1;1;1;2000;2583;0.000307;0.032077;2591;3737;0.000924;0;0;0;0;0;0;0;0;3582;2583;2583
"PhysicsCore2D.PhysicsWorld.Simulate.StepWorlds";0.000693;0.000307;0.108;4031;2591;4284;4;4;1.63343398540746;0.0009004598;0.000615;0.000923;2547;1;1;3;1814;2584;0;0.108;2586;4284;0.001308;0;0;0;0;0;0;0;0;3580;2584;2584
"Renderers.OncePerFrameUpdate";0.000693;0.000307;0.029846;4104;2583;4467;3;3;1.5790899732383;0.000789545;0.000692;0.000847;2000;1;1;1;2000;2583;0.000307;0.029846;2583;4467;0.000616;0;0;0;0;0;0;0;0;3582;2583;2583
"TextureStreamingManager.Update";0.000692;0.000307;0.344538;3169;2584;3950;3;3;2.27094299759483;0.001135472;0.000615;0.000846;2000;1;1;1;2000;2583;0.000307;0.344538;2584;3950;0.000924;0;0;0;0;0;0;0;0;3582;2583;2583
"Inl_ScriptableRenderer.InternalFinishRenderingCommon";0.000692;7.6E-05;0.033461;3817;2692;3957;7;7;1.46514498056786;0.0007325725;0.000615;0.000846;2000;1;1;1;2000;2583;7.6E-05;0.033461;2692;3957;0.000616;0;0;0;0;0;0;0;0;3582;2583;2583
"FixedBehaviourUpdate";0.000692;7.7E-05;0.384923;4004;2638;4397;3;3;1.96968300083245;0.001085823;0.000615;0.0009239999;2547;1;1;3;1814;2584;0;0.384923;2606;4397;0.001232;0;0;0;0;0;0;0;0;3580;2584;2584
"Inl_Sort Render Passes";0.000692;0.000231;0.021923;4200;2587;3189;8;8;1.5332199849654;0.00076661;0.000615;0.000923;2000;1;1;1;2000;2583;0.000231;0.021923;2587;3189;0.000615;0;0;0;0;0;0;0;0;3582;2583;2583
"PhysicsCore2D.PhysicsWorld.WriteTransformTweens";0.000692;0.00023;0.032923;4352;2664;3887;4;4;1.49060697303503;0.0007453035;0.000616;0.000846;2000;1;1;1;2000;2583;0.00023;0.032923;2664;3887;0.000692;0;0;0;0;0;0;0;0;3582;2583;2583
"suspendPointHook.Invoke";0.000692;0.000307;0.363385;4449;2583;4523;6;6;2.10868996212957;0.001054345;0.000616;0.000846;2000;1;1;1;2000;2583;0.000307;0.363385;2583;4523;0.000846;0;0;0;0;0;0;0;0;3582;2583;2583
"Terrain.UpdateSplatProperties";0.000616;7.7E-05;0.091077;2951;2646;4403;9;9;1.37823899443174;0.0006891195;0.000615;0.000692;2000;1;1;1;2000;2583;7.7E-05;0.091077;2646;4403;0.000847;0;0;0;0;0;0;0;0;3582;2583;2583
"FixedUpdate.XRFixedUpdate";0.000616;7.6E-05;0.43877;2955;2640;3152;2;2;2.25160698208492;0.001241239;0.000538;0.000923;2547;1;1;3;1814;2584;0;0.437847;2586;3152;0.001;0;0;0;0;0;0;0;0;3580;2584;2584
"EarlyUpdate.ARCoreUpdate";0.000616;0.000307;0.384231;3312;2591;4417;2;2;2.87006900046254;0.001435034;0.000615;0.000693;2000;1;1;1;2000;2583;0.000307;0.384231;2591;4417;0.000924;0;0;0;0;0;0;0;0;3582;2583;2583
"PreLateUpdate.PhysicsLateUpdate";0.000616;7.7E-05;0.042538;3452;2600;3225;2;2;1.38945998314011;0.00069473;0.000615;0.000693;2000;1;1;1;2000;2583;7.7E-05;0.042538;2600;3225;0.000385;0;0;0;0;0;0;0;0;3582;2583;2583
"EarlyUpdate.GpuTimestamp";0.000616;7.7E-05;0.437615;3774;2596;3827;2;2;3.03953400805767;0.001519767;0.000615;0.000846;2000;1;1;1;2000;2583;7.7E-05;0.437615;2596;3827;0.000923;0;0;0;0;0;0;0;0;3582;2583;2583
"EarlyUpdate.SpriteAtlasManagerUpdate";0.000616;0.000307;0.125;3790;2590;2690;2;2;1.55143798873178;0.000775719;0.000615;0.000693;2000;1;1;1;2000;2583;0.000307;0.125;2590;2690;0.000692;0;0;0;0;0;0;0;0;3582;2583;2583
"ScheduleCullingGroups";0.000616;0.000307;0.088693;3929;2601;4553;8;8;1.43838198832236;0.000719191;0.000615;0.000693;2000;1;1;1;2000;2583;0.000307;0.088693;2601;4553;0.000846;0;0;0;0;0;0;0;0;3582;2583;2583
"UnityEngine.PhysicsCore2DModule.dll!Unity.U2D.Physics::PhysicsEvents.InvokePostSimulate() [Invoke]";0.000616;7.6E-05;0.094462;4011;2601;3118;5;5;1.61861299793964;0.0008922894;0.000615;0.001077;2547;1;1;3;1814;2584;7.6E-05;0.094462;2590;3118;0.001615;0;0;0;0;0;0;0;0;3580;2584;2584
"FrameEvents.XRPostPresent";0.000615;7.6E-05;0.044308;2723;2692;3729;3;3;1.17966700026591;0.0005898335;0.000385;0.000616;2000;1;1;1;2000;2583;7.6E-05;0.044308;2692;3729;0.000385;0;0;0;0;0;0;0;0;3582;2583;2583
"PostLateUpdate.XRPreEndFrame";0.000615;7.6E-05;0.001539;3319;2651;3121;2;2;1.12817800029734;0.000564089;0.000538;0.000616;2000;1;1;1;2000;2583;7.6E-05;0.001539;2651;3121;0.000616;0;0;0;0;0;0;0;0;3582;2583;2583
"Multiply";0.000615;7.6E-05;0.188077;3462;2639;3350;10;10;4.23460299625731;0.002117302;0.000538;0.000616;2000;1;1;1;2000;2583;7.6E-05;0.188077;2639;3350;0.000615;0;0;0;0;0;0;0;0;3582;2583;2583
"CanvasUpdate.LatePreRender";0.000615;7.6E-05;0.029;3695;2652;3372;7;7;1.17014000565541;0.00058507;0.000539;0.000616;2000;1;1;1;2000;2583;7.6E-05;0.029;2652;3372;0.000539;0;0;0;0;0;0;0;0;3582;2583;2583
"EarlyUpdate.ResetFrameStatsAfterPresent";0.000615;7.7E-05;0.102462;3783;2586;4174;2;2;1.32926300154213;0.0006646315;0.000539;0.000616;2000;1;1;1;2000;2583;7.7E-05;0.102462;2586;4174;0.000616;0;0;0;0;0;0;0;0;3582;2583;2583
"CanvasUpdate.PostLayout";0.000615;7.6E-05;0.086462;4037;2639;3938;7;7;1.26847100409941;0.0006342355;0.000615;0.000616;2000;1;1;1;2000;2583;7.6E-05;0.086462;2639;3938;0.000384;0;0;0;0;0;0;0;0;3582;2583;2583
"CombineJobResults";0.000615;0;0.024308;4048;2665;3073;11;11;1.07760500237055;0.0006250609;0.000538;0.000692;2148;1;1;2;1724;2584;0;0.024308;2585;3073;0.000539;0;0;0;0;0;0;0;0;3600;2584;2584
"Inl_RenderPipeline.BeginCameraRendering";0.000615;7.6E-05;0.027769;4253;2619;3450;6;6;1.27123999851028;0.00063562;0.000615;0.000616;2000;1;1;1;2000;2583;7.6E-05;0.027769;2619;3450;0.000615;0;0;0;0;0;0;0;0;3582;2583;2583
"CanvasUpdate.PreRender";0.000615;7.6E-05;0.034385;4466;2592;3805;7;7;1.29300400043576;0.000646502;0.000615;0.000616;2000;1;1;1;2000;2583;7.6E-05;0.034385;2592;3805;0.000616;0;0;0;0;0;0;0;0;3582;2583;2583
"ConstraintManager::Update::JobSetup";0.000539;7.6E-05;0.099154;3163;2610;3987;4;4;1.27669900035107;0.0006383495;0.000385;0.000615;2000;1;1;1;2000;2583;7.6E-05;0.099154;2610;3987;0.000616;0;0;0;0;0;0;0;0;3582;2583;2583
"SortingGroupManager.Update";0.000539;7.6E-05;0.045847;3345;2626;4196;3;3;1.23368799793388;0.000616844;0.000385;0.000615;2000;1;1;1;2000;2583;7.6E-05;0.045847;2626;4196;0.000538;0;0;0;0;0;0;0;0;3582;2583;2583
"PostLateUpdate.XRPostLateUpdate";0.000538;7.6E-05;0.050462;3642;2636;4527;2;2;1.04256999690551;0.000521285;0.000384;0.000615;2000;1;1;1;2000;2583;7.6E-05;0.050462;2636;4527;0.000539;0;0;0;0;0;0;0;0;3582;2583;2583
"UIEvents.AlignCanvasRectTransformWithCamera";0.000538;7.6E-05;0.001154;3870;2654;3172;3;3;0.989110000467917;0.000494555;0.000385;0.000615;2000;1;1;1;2000;2583;7.6E-05;0.001154;2654;3172;0.000539;0;0;0;0;0;0;0;0;3582;2583;2583
"EarlyUpdate.UpdateAsyncReadbackManager";0.000538;7.6E-05;0.04823;4117;2592;3267;2;2;1.07593300085136;0.0005379665;0.000385;0.000615;2000;1;1;1;2000;2583;7.6E-05;0.04823;2592;3267;0.000616;0;0;0;0;0;0;0;0;3582;2583;2583
"QueuePrepareIntegrateMainThreadObjects";0.000538;7.6E-05;0.001923;4566;2643;3099;10;10;1.02840600027412;0.000514203;0.000385;0.000615;2000;1;1;1;2000;2583;7.6E-05;0.001923;2643;3099;0.000538;0;0;0;0;0;0;0;0;3582;2583;2583
"Terrain.Trees.OnWillRender";0.000385;7.6E-05;0.039693;4024;2633;3438;11;11;0.943752997794945;0.0004718765;0.000384;0.000539;2000;1;1;1;2000;2583;7.6E-05;0.039693;2633;3438;0.000384;0;0;0;0;0;0;0;0;3582;2583;2583
"EarlyUpdate.PresentBeforeUpdate";0.000385;0;0.532;4071;2604;4273;2;2;1.63653499824431;0.0008182675;0.000308;0.000539;2000;1;1;1;2000;2583;0;0.532;2604;4273;0.000384;0;0;0;0;0;0;0;0;3582;2583;2583
"EarlyUpdate.TilemapRendererEarlyUpdate";0.000385;7.6E-05;0.36623;4351;2644;3337;2;2;1.6449260106092;0.000822463;0.000384;0.000539;2000;1;1;1;2000;2583;7.6E-05;0.36623;2644;3337;0.000616;0;0;0;0;0;0;0;0;3582;2583;2583
"CanvasUpdate.Layout";0.000385;7.6E-05;0.023077;4457;2632;2612;7;7;0.926935999457783;0.000463468;0.000384;0.000539;2000;1;1;1;2000;2583;7.6E-05;0.023077;2632;2612;0.000615;0;0;0;0;0;0;0;0;3582;2583;2583
"Input.Android.PostProcess";0.000384;0;0.000923;3048;2589;2789;2;2;0.742767996176553;0.000371384;0.000307;0.000538;2000;1;1;1;2000;2583;0;0.000923;2589;2789;0.000846;0;0;0;0;0;0;0;0;3582;2583;2583
"Inl_UniversalRenderPipeline.GetMainLightIndex";0.000384;0;0.024;3957;2586;2753;9;9;1.03258699794969;0.0005162935;0.000308;0.000538;2000;1;1;1;2000;2583;0;0.024;2586;2753;0.000615;0;0;0;0;0;0;0;0;3582;2583;2583
"Physics.WriteColliderPoses";0.000308;0;0.001076;2854;2584;3199;5;5;0.559362995525589;0.0003083589;0.000231;0.000385;2547;1;1;3;1814;2584;0;0.000923;2584;2888;0.000691;0;0;0;0;0;0;0;0;3580;2584;2584
"PostLateUpdate.ResetInputAxis";0.000308;0;0.017;3294;2583;3905;2;2;0.660243991107563;0.000330122;0.000307;0.000308;2000;1;1;1;2000;2583;0;0.017;2583;3905;0.000231;0;0;0;0;0;0;0;0;3582;2583;2583
"EarlyUpdate.Physics2DEarlyUpdate";0.000308;0;0.384;3366;2584;3944;2;2;1.28239798737923;0.000641199;0.000307;0.000308;2000;1;1;1;2000;2583;0;0.384;2584;3944;0.000308;0;0;0;0;0;0;0;0;3582;2583;2583
"Inl_UniversalRenderPipeline.GetPerObjectLightFlags";0.000308;0;0.001;3516;2583;2899;8;8;0.663963991210039;0.000331982;0.000307;0.000308;2000;1;1;1;2000;2583;0;0.001;2583;2899;0.000307;0;0;0;0;0;0;0;0;3582;2583;2583
"FinalizeUpdateRendererBoundingVolumes";0.000308;0;0.023307;3715;2594;3673;3;3;0.712638991150015;0.0003563195;0.000307;0.000384;2000;1;1;1;2000;2583;0;0.023307;2594;3673;0.000384;0;0;0;0;0;0;0;0;3582;2583;2583
"PreUpdate.CheckTexFieldInput";0.000308;0;0.038538;3983;2585;2869;2;2;0.83124599459552;0.000415623;0.000308;0.000538;2000;1;1;1;2000;2583;0;0.038538;2585;2869;0.000615;0;0;0;0;0;0;0;0;3582;2583;2583
"CullingGroupSendEvents";0.000307;0;0.000924;3249;2584;4195;8;8;0.480771993119561;0.000240386;0.00023;0.000308;2000;1;1;1;2000;2583;0;0.000924;2584;4195;0.000308;0;0;0;0;0;0;0;0;3582;2583;2583
"Physics.WriteRigidbodyPoses";0.000307;0;0.011;3921;2584;3424;5;5;0.532070994639071;0.0002933137;0.00023;0.000384;2547;1;1;3;1814;2584;0;0.011;2584;3424;0.000616;0;0;0;0;0;0;0;0;3580;2584;2584
"FixedUpdate.ClearLines";0.000307;0;0.032769;4079;2586;3831;2;2;0.579381997413293;0.0003193947;0.00023;0.000385;2547;1;1;3;1814;2584;0;0.032692;2586;3831;0.000769;0;0;0;0;0;0;0;0;3580;2584;2584
"RenderTarget.SetActive";0.000231;0;0.000308;2896;2596;2761;8;8;0.0265369995540823;0.0001995263;7.7E-05;0.000308;133;1;1;1;133;2596;0;0.000308;2596;2761;0;0;0;0;0;0;0;0;0;3586;2596;2596
"EarlyUpdate.ClearLines";0.000231;0;0.000539;3506;2583;2723;2;2;0.416150994082273;0.0002080755;7.7E-05;0.000308;2000;1;1;1;2000;2583;0;0.000539;2583;2723;0.000307;0;0;0;0;0;0;0;0;3582;2583;2583
"Active Constraints";0;0;0;3582;2583;2583;4;5;0;0;0;0;3814;2;1;2;2000;2583;0;0;2583;2583;0;0;0;0;0;0;0;0;0;3582;2583;2583
"Active Dynamic Bodies";0;0;0;3582;2583;2583;4;5;0;0;0;0;3814;2;1;2;2000;2583;0;0;2583;2583;0;0;0;0;0;0;0;0;0;3582;2583;2583
"Active Kinematic Bodies";0;0;0;3582;2583;2583;4;5;0;0;0;0;3814;2;1;2;2000;2583;0;0;2583;2583;0;0;0;0;0;0;0;0;0;3582;2583;2583
"Added Contacts";0;0;0;3582;2583;2583;5;5;0;0;0;0;2000;1;1;1;2000;2583;0;0;2583;2583;0;0;0;0;0;0;0;0;0;3582;2583;2583
"AnimationClip Count";0;0;0;3582;2583;2583;5;5;0;0;0;0;2000;1;1;1;2000;2583;0;0;2583;2583;0;0;0;0;0;0;0;0;0;3582;2583;2583
"AnimationClip Memory";0;0;0;3582;2583;2583;5;5;0;0;0;0;2000;1;1;1;2000;2583;0;0;2583;2583;0;0;0;0;0;0;0;0;0;3582;2583;2583
"App Committed Memory";0;0;0;3582;2583;2583;5;5;0;0;0;0;2000;1;1;1;2000;2583;0;0;2583;2583;0;0;0;0;0;0;0;0;0;3582;2583;2583
"App Resident Memory";0;0;0;3582;2583;2583;5;5;0;0;0;0;2000;1;1;1;2000;2583;0;0;2583;2583;0;0;0;0;0;0;0;0;0;3582;2583;2583
"Articulation Bodies";0;0;0;3582;2583;2583;4;5;0;0;0;0;3814;2;1;2;2000;2583;0;0;2583;2583;0;0;0;0;0;0;0;0;0;3582;2583;2583
"Asleep Bodies";0;0;0;3582;2583;2583;5;5;0;0;0;0;2000;1;1;1;2000;2583;0;0;2583;2583;0;0;0;0;0;0;0;0;0;3582;2583;2583
"Asleep Shapes";0;0;0;3582;2583;2583;5;5;0;0;0;0;2000;1;1;1;2000;2583;0;0;2583;2583;0;0;0;0;0;0;0;0;0;3582;2583;2583
"Asset Count";0;0;0;3582;2583;2583;5;5;0;0;0;0;2000;1;1;1;2000;2583;0;0;2583;2583;0;0;0;0;0;0;0;0;0;3582;2583;2583
"Audio Reserved Memory";0;0;0;3582;2583;2583;5;5;0;0;0;0;2000;1;1;1;2000;2583;0;0;2583;2583;0;0;0;0;0;0;0;0;0;3582;2583;2583
"Audio Used Memory";0;0;0;3582;2583;2583;5;5;0;0;0;0;2000;1;1;1;2000;2583;0;0;2583;2583;0;0;0;0;0;0;0;0;0;3582;2583;2583
"AudioClip Count";0;0;0;3582;2583;2583;5;5;0;0;0;0;2000;1;1;1;2000;2583;0;0;2583;2583;0;0;0;0;0;0;0;0;0;3582;2583;2583
"AudioClip Memory";0;0;0;3582;2583;2583;5;5;0;0;0;0;2000;1;1;1;2000;2583;0;0;2583;2583;0;0;0;0;0;0;0;0;0;3582;2583;2583
"Awake Bodies";0;0;0;3582;2583;2583;5;5;0;0;0;0;2000;1;1;1;2000;2583;0;0;2583;2583;0;0;0;0;0;0;0;0;0;3582;2583;2583
"Awake Shapes";0;0;0;3582;2583;2583;5;5;0;0;0;0;2000;1;1;1;2000;2583;0;0;2583;2583;0;0;0;0;0;0;0;0;0;3582;2583;2583
"Batches Count";0;0;0;3582;2583;2583;5;5;0;0;0;0;2000;1;1;1;2000;2583;0;0;2583;2583;0;0;0;0;0;0;0;0;0;3582;2583;2583
"Broadphase Adds";0;0;0;3582;2583;2583;4;5;0;0;0;0;3814;2;1;2;2000;2583;0;0;2583;2583;0;0;0;0;0;0;0;0;0;3582;2583;2583
"Broadphase Adds/Removes";0;0;0;3582;2583;2583;4;5;0;0;0;0;3814;2;1;2;2000;2583;0;0;2583;2583;0;0;0;0;0;0;0;0;0;3582;2583;2583
"Broadphase Pairs";0;0;0;3582;2583;2583;5;5;0;0;0;0;2000;1;1;1;2000;2583;0;0;2583;2583;0;0;0;0;0;0;0;0;0;3582;2583;2583
"Broadphase Removes";0;0;0;3582;2583;2583;4;5;0;0;0;0;3814;2;1;2;2000;2583;0;0;2583;2583;0;0;0;0;0;0;0;0;0;3582;2583;2583
"Broadphase Updates";0;0;0;3582;2583;2583;5;5;0;0;0;0;2000;1;1;1;2000;2583;0;0;2583;2583;0;0;0;0;0;0;0;0;0;3582;2583;2583
"Colliders Synced";0;0;0;3582;2583;2583;4;5;0;0;0;0;3814;2;1;2;2000;2583;0;0;2583;2583;0;0;0;0;0;0;0;0;0;3582;2583;2583
"Collision Enter";0;0;0;3582;2583;2583;5;5;0;0;0;0;2000;1;1;1;2000;2583;0;0;2583;2583;0;0;0;0;0;0;0;0;0;3582;2583;2583
"Collision Exit";0;0;0;3582;2583;2583;5;5;0;0;0;0;2000;1;1;1;2000;2583;0;0;2583;2583;0;0;0;0;0;0;0;0;0;3582;2583;2583
"Collision Stay";0;0;0;3582;2583;2583;5;5;0;0;0;0;2000;1;1;1;2000;2583;0;0;2583;2583;0;0;0;0;0;0;0;0;0;3582;2583;2583
"Continuous Bodies";0;0;0;3582;2583;2583;5;5;0;0;0;0;2000;1;1;1;2000;2583;0;0;2583;2583;0;0;0;0;0;0;0;0;0;3582;2583;2583
"Continuous Overlaps";0;0;0;3582;2583;2583;4;5;0;0;0;0;3814;2;1;2;2000;2583;0;0;2583;2583;0;0;0;0;0;0;0;0;0;3582;2583;2583
"CPU Main Thread Frame Time";0;0;0;3582;2583;2583;5;5;0;0;0;0;2000;1;1;1;2000;2583;0;0;2583;2583;0;0;0;0;0;0;0;0;0;3582;2583;2583
"CPU Render Thread Frame Time";0;0;0;3582;2583;2583;5;5;0;0;0;0;2000;1;1;1;2000;2583;0;0;2583;2583;0;0;0;0;0;0;0;0;0;3582;2583;2583
"CPU Total Frame Time";0;0;0;3582;2583;2583;5;5;0;0;0;0;2000;1;1;1;2000;2583;0;0;2583;2583;0;0;0;0;0;0;0;0;0;3582;2583;2583
"Discreet Overlaps";0;0;0;3582;2583;2583;4;5;0;0;0;0;3814;2;1;2;2000;2583;0;0;2583;2583;0;0;0;0;0;0;0;0;0;3582;2583;2583
"Discrete Bodies";0;0;0;3582;2583;2583;5;5;0;0;0;0;2000;1;1;1;2000;2583;0;0;2583;2583;0;0;0;0;0;0;0;0;0;3582;2583;2583
"Draw Calls Count";0;0;0;3582;2583;2583;5;5;0;0;0;0;2000;1;1;1;2000;2583;0;0;2583;2583;0;0;0;0;0;0;0;0;0;3582;2583;2583
"Dynamic Bodies";0;0;0;3582;2583;2583;4;5;0;0;0;0;5814;3;2;3;2000;2583;0;0;2583;2583;0;0;0;0;0;0;0;0;0;3582;2583;2583
"Dynamic Shapes";0;0;0;3582;2583;2583;5;5;0;0;0;0;2000;1;1;1;2000;2583;0;0;2583;2583;0;0;0;0;0;0;0;0;0;3582;2583;2583
"Event Count";0;0;0;3582;2583;2583;5;5;0;0;0;0;2000;1;1;1;2000;2583;0;0;2583;2583;0;0;0;0;0;0;0;0;0;3582;2583;2583
"Game Object Count";0;0;0;3582;2583;2583;5;5;0;0;0;0;2000;1;1;1;2000;2583;0;0;2583;2583;0;0;0;0;0;0;0;0;0;3582;2583;2583
"GC Allocated In Frame";0;0;0;3582;2583;2583;5;5;0;0;0;0;2000;1;1;1;2000;2583;0;0;2583;2583;0;0;0;0;0;0;0;0;0;3582;2583;2583
"GC Allocation In Frame Count";0;0;0;3582;2583;2583;5;5;0;0;0;0;2000;1;1;1;2000;2583;0;0;2583;2583;0;0;0;0;0;0;0;0;0;3582;2583;2583
"GC Reserved Memory";0;0;0;3582;2583;2583;5;5;0;0;0;0;2000;1;1;1;2000;2583;0;0;2583;2583;0;0;0;0;0;0;0;0;0;3582;2583;2583
"GC Used Memory";0;0;0;3582;2583;2583;5;5;0;0;0;0;2000;1;1;1;2000;2583;0;0;2583;2583;0;0;0;0;0;0;0;0;0;3582;2583;2583
"GetContacts Queries";0;0;0;3582;2583;2583;5;5;0;0;0;0;2000;1;1;1;2000;2583;0;0;2583;2583;0;0;0;0;0;0;0;0;0;3582;2583;2583
"Gfx Reserved Memory";0;0;0;3582;2583;2583;5;5;0;0;0;0;2000;1;1;1;2000;2583;0;0;2583;2583;0;0;0;0;0;0;0;0;0;3582;2583;2583
"Gfx Used Memory";0;0;0;3582;2583;2583;5;5;0;0;0;0;2000;1;1;1;2000;2583;0;0;2583;2583;0;0;0;0;0;0;0;0;0;3582;2583;2583
"Global Illumination Support";0;0;0;3582;2583;2583;5;5;0;0;0;0;2000;1;1;1;2000;2583;0;0;2583;2583;0;0;0;0;0;0;0;0;0;3582;2583;2583
"GPU Frame Time";0;0;0;3582;2583;2583;5;5;0;0;0;0;2000;1;1;1;2000;2583;0;0;2583;2583;0;0;0;0;0;0;0;0;0;3582;2583;2583
"Hierarchy Version Changes";0;0;0;3582;2583;2583;5;5;0;0;0;0;2000;1;1;1;2000;2583;0;0;2583;2583;0;0;0;0;0;0;0;0;0;3582;2583;2583
"Indices Count";0;0;0;3582;2583;2583;5;5;0;0;0;0;2000;1;1;1;2000;2583;0;0;2583;2583;0;0;0;0;0;0;0;0;0;3582;2583;2583
"IsTouching Queries";0;0;0;3582;2583;2583;5;5;0;0;0;0;2000;1;1;1;2000;2583;0;0;2583;2583;0;0;0;0;0;0;0;0;0;3582;2583;2583
"KickJobs";0;0;0;3582;2583;2583;7;10;0;0;0;0;8000;4;4;4;2000;2583;0;0;2583;2583;0;0;0;0;0;0;0;0;0;3582;2583;2583
"Kinematic Bodies";0;0;0;3582;2583;2583;5;5;0;0;0;0;2000;1;1;1;2000;2583;0;0;2583;2583;0;0;0;0;0;0;0;0;0;3582;2583;2583
"Kinematic Shapes";0;0;0;3582;2583;2583;5;5;0;0;0;0;2000;1;1;1;2000;2583;0;0;2583;2583;0;0;0;0;0;0;0;0;0;3582;2583;2583
"Light Batches";0;0;0;3582;2583;2583;5;5;0;0;0;0;2000;1;1;1;2000;2583;0;0;2583;2583;0;0;0;0;0;0;0;0;0;3582;2583;2583
"Light Textures";0;0;0;3582;2583;2583;5;5;0;0;0;0;2000;1;1;1;2000;2583;0;0;2583;2583;0;0;0;0;0;0;0;0;0;3582;2583;2583
"Light Triangles";0;0;0;3582;2583;2583;5;5;0;0;0;0;2000;1;1;1;2000;2583;0;0;2583;2583;0;0;0;0;0;0;0;0;0;3582;2583;2583
"Material Count";0;0;0;3582;2583;2583;5;5;0;0;0;0;2000;1;1;1;2000;2583;0;0;2583;2583;0;0;0;0;0;0;0;0;0;3582;2583;2583
"Material Memory";0;0;0;3582;2583;2583;5;5;0;0;0;0;2000;1;1;1;2000;2583;0;0;2583;2583;0;0;0;0;0;0;0;0;0;3582;2583;2583
"Mesh Count";0;0;0;3582;2583;2583;5;5;0;0;0;0;2000;1;1;1;2000;2583;0;0;2583;2583;0;0;0;0;0;0;0;0;0;3582;2583;2583
"Mesh Memory";0;0;0;3582;2583;2583;5;5;0;0;0;0;2000;1;1;1;2000;2583;0;0;2583;2583;0;0;0;0;0;0;0;0;0;3582;2583;2583
"Modified Overlaps";0;0;0;3582;2583;2583;4;5;0;0;0;0;3814;2;1;2;2000;2583;0;0;2583;2583;0;0;0;0;0;0;0;0;0;3582;2583;2583
"Narrowphase Lost Touches";0;0;0;3582;2583;2583;4;5;0;0;0;0;3814;2;1;2;2000;2583;0;0;2583;2583;0;0;0;0;0;0;0;0;0;3582;2583;2583
"Narrowphase New Touches";0;0;0;3582;2583;2583;4;5;0;0;0;0;3814;2;1;2;2000;2583;0;0;2583;2583;0;0;0;0;0;0;0;0;0;3582;2583;2583
"Narrowphase Touches";0;0;0;3582;2583;2583;4;5;0;0;0;0;3814;2;1;2;2000;2583;0;0;2583;2583;0;0;0;0;0;0;0;0;0;3582;2583;2583
"Normal Textures";0;0;0;3582;2583;2583;5;5;0;0;0;0;2000;1;1;1;2000;2583;0;0;2583;2583;0;0;0;0;0;0;0;0;0;3582;2583;2583
"Object Count";0;0;0;3582;2583;2583;5;5;0;0;0;0;2000;1;1;1;2000;2583;0;0;2583;2583;0;0;0;0;0;0;0;0;0;3582;2583;2583
"Overlap Queries";0;0;0;3582;2583;2583;5;5;0;0;0;0;2000;1;1;1;2000;2583;0;0;2583;2583;0;0;0;0;0;0;0;0;0;3582;2583;2583
"Overlaps";0;0;0;3582;2583;2583;4;5;0;0;0;0;3814;2;1;2;2000;2583;0;0;2583;2583;0;0;0;0;0;0;0;0;0;3582;2583;2583
"Particle Queries";0;0;0;3582;2583;2583;5;5;0;0;0;0;2000;1;1;1;2000;2583;0;0;2583;2583;0;0;0;0;0;0;0;0;0;3582;2583;2583
"Physics Queries";0;0;0;3582;2583;2583;4;5;0;0;0;0;3814;2;1;2;2000;2583;0;0;2583;2583;0;0;0;0;0;0;0;0;0;3582;2583;2583
"Physics Used Memory";0;0;0;3582;2583;2583;4;5;0;0;0;0;3814;2;1;2;2000;2583;0;0;2583;2583;0;0;0;0;0;0;0;0;0;3582;2583;2583
"Physics Used Memory (2D)";0;0;0;3582;2583;2583;5;5;0;0;0;0;2000;1;1;1;2000;2583;0;0;2583;2583;0;0;0;0;0;0;0;0;0;3582;2583;2583
"Pick All";0;0;0;3582;2583;2583;5;5;0;0;0;0;2000;1;1;1;2000;2583;0;0;2583;2583;0;0;0;0;0;0;0;0;0;3582;2583;2583
"Prepare Render";0;0;0;3582;2583;2583;5;5;0;0;0;0;2000;1;1;1;2000;2583;0;0;2583;2583;0;0;0;0;0;0;0;0;0;3582;2583;2583
"Profiler Reserved Memory";0;0;0;3582;2583;2583;5;5;0;0;0;0;2000;1;1;1;2000;2583;0;0;2583;2583;0;0;0;0;0;0;0;0;0;3582;2583;2583
"Profiler Used Memory";0;0;0;3582;2583;2583;5;5;0;0;0;0;2000;1;1;1;2000;2583;0;0;2583;2583;0;0;0;0;0;0;0;0;0;3582;2583;2583
"Raycast Queries";0;0;0;3582;2583;2583;5;5;0;0;0;0;2000;1;1;1;2000;2583;0;0;2583;2583;0;0;0;0;0;0;0;0;0;3582;2583;2583
"Removed Contacts";0;0;0;3582;2583;2583;5;5;0;0;0;0;2000;1;1;1;2000;2583;0;0;2583;2583;0;0;0;0;0;0;0;0;0;3582;2583;2583
"Render Panels";0;0;0;3582;2583;2583;5;5;0;0;0;0;2000;1;1;1;2000;2583;0;0;2583;2583;0;0;0;0;0;0;0;0;0;3582;2583;2583
"Render Textures Bytes";0;0;0;3582;2583;2583;5;5;0;0;0;0;2000;1;1;1;2000;2583;0;0;2583;2583;0;0;0;0;0;0;0;0;0;3582;2583;2583
"Render Textures Count";0;0;0;3582;2583;2583;5;5;0;0;0;0;2000;1;1;1;2000;2583;0;0;2583;2583;0;0;0;0;0;0;0;0;0;3582;2583;2583
"Repaint Version Changes";0;0;0;3582;2583;2583;5;5;0;0;0;0;2000;1;1;1;2000;2583;0;0;2583;2583;0;0;0;0;0;0;0;0;0;3582;2583;2583
"Rigidbodies Synced";0;0;0;3582;2583;2583;4;5;0;0;0;0;3814;2;1;2;2000;2583;0;0;2583;2583;0;0;0;0;0;0;0;0;0;3582;2583;2583
"Runtime Bindings";0;0;0;3582;2583;2583;5;5;0;0;0;0;2000;1;1;1;2000;2583;0;0;2583;2583;0;0;0;0;0;0;0;0;0;3582;2583;2583
"Scene Object Count";0;0;0;3582;2583;2583;5;5;0;0;0;0;2000;1;1;1;2000;2583;0;0;2583;2583;0;0;0;0;0;0;0;0;0;3582;2583;2583
"ScheduleAllocJob";0;0;0;3582;2583;2583;7;10;0;0;0;0;6000;3;3;3;2000;2583;0;0;2583;2583;0;0;0;0;0;0;0;0;0;3582;2583;2583
"ScheduleJob";0;0;0;3582;2583;2583;2;13;0;0;0;0;19456;10;8;14;2000;2583;0;0;2583;2583;0;0;0;0;0;0;0;0;0;3582;2583;2583
"Shadow Casters Draw Calls";0;0;0;3582;2583;2583;5;5;0;0;0;0;2000;1;1;1;2000;2583;0;0;2583;2583;0;0;0;0;0;0;0;0;0;3582;2583;2583
"Shadow Textures";0;0;0;3582;2583;2583;5;5;0;0;0;0;2000;1;1;1;2000;2583;0;0;2583;2583;0;0;0;0;0;0;0;0;0;3582;2583;2583
"Shadow Triangles";0;0;0;3582;2583;2583;5;5;0;0;0;0;2000;1;1;1;2000;2583;0;0;2583;2583;0;0;0;0;0;0;0;0;0;3582;2583;2583
"Shapecast Queries";0;0;0;3582;2583;2583;5;5;0;0;0;0;2000;1;1;1;2000;2583;0;0;2583;2583;0;0;0;0;0;0;0;0;0;3582;2583;2583
"Solver Continuous Islands";0;0;0;3582;2583;2583;5;5;0;0;0;0;2000;1;1;1;2000;2583;0;0;2583;2583;0;0;0;0;0;0;0;0;0;3582;2583;2583
"Solver Discrete Islands";0;0;0;3582;2583;2583;5;5;0;0;0;0;2000;1;1;1;2000;2583;0;0;2583;2583;0;0;0;0;0;0;0;0;0;3582;2583;2583
"Solver Simulation Count";0;0;0;3582;2583;2583;5;5;0;0;0;0;2000;1;1;1;2000;2583;0;0;2583;2583;0;0;0;0;0;0;0;0;0;3582;2583;2583
"Solver World Count";0;0;0;3582;2583;2583;5;5;0;0;0;0;2000;1;1;1;2000;2583;0;0;2583;2583;0;0;0;0;0;0;0;0;0;3582;2583;2583
"Sprite Count";0;0;0;3582;2583;2583;5;5;0;0;0;0;2000;1;1;1;2000;2583;0;0;2583;2583;0;0;0;0;0;0;0;0;0;3582;2583;2583
"SpriteAtlas Count";0;0;0;3582;2583;2583;5;5;0;0;0;0;2000;1;1;1;2000;2583;0;0;2583;2583;0;0;0;0;0;0;0;0;0;3582;2583;2583
"SpriteAtlases rendered";0;0;0;3582;2583;2583;7;7;0;0;0;0;2000;1;1;1;2000;2583;0;0;2583;2583;0;0;0;0;0;0;0;0;0;3582;2583;2583
"Sprites rendered";0;0;0;3582;2583;2583;7;7;0;0;0;0;2000;1;1;1;2000;2583;0;0;2583;2583;0;0;0;0;0;0;0;0;0;3582;2583;2583
"Static Bodies";0;0;0;3582;2583;2583;5;5;0;0;0;0;2000;1;1;1;2000;2583;0;0;2583;2583;0;0;0;0;0;0;0;0;0;3582;2583;2583
"Static Colliders";0;0;0;3582;2583;2583;4;5;0;0;0;0;3814;2;1;2;2000;2583;0;0;2583;2583;0;0;0;0;0;0;0;0;0;3582;2583;2583
"Static Shapes";0;0;0;3582;2583;2583;5;5;0;0;0;0;2000;1;1;1;2000;2583;0;0;2583;2583;0;0;0;0;0;0;0;0;0;3582;2583;2583
"System Total Used Memory";0;0;0;3582;2583;2583;5;5;0;0;0;0;2000;1;1;1;2000;2583;0;0;2583;2583;0;0;0;0;0;0;0;0;0;3582;2583;2583
"System Used Memory";0;0;0;3582;2583;2583;5;5;0;0;0;0;2000;1;1;1;2000;2583;0;0;2583;2583;0;0;0;0;0;0;0;0;0;3582;2583;2583
"Texture Count";0;0;0;3582;2583;2583;5;5;0;0;0;0;2000;1;1;1;2000;2583;0;0;2583;2583;0;0;0;0;0;0;0;0;0;3582;2583;2583
"Texture Memory";0;0;0;3582;2583;2583;5;5;0;0;0;0;2000;1;1;1;2000;2583;0;0;2583;2583;0;0;0;0;0;0;0;0;0;3582;2583;2583
"Tilemap Chunks rendered";0;0;0;3582;2583;2583;7;7;0;0;0;0;2000;1;1;1;2000;2583;0;0;2583;2583;0;0;0;0;0;0;0;0;0;3582;2583;2583
"Tilemap Meshes rendered";0;0;0;3582;2583;2583;7;7;0;0;0;0;2000;1;1;1;2000;2583;0;0;2583;2583;0;0;0;0;0;0;0;0;0;3582;2583;2583
"Tilemaps rendered";0;0;0;3582;2583;2583;7;7;0;0;0;0;2000;1;1;1;2000;2583;0;0;2583;2583;0;0;0;0;0;0;0;0;0;3582;2583;2583
"Total Bodies";0;0;0;3582;2583;2583;5;5;0;0;0;0;2000;1;1;1;2000;2583;0;0;2583;2583;0;0;0;0;0;0;0;0;0;3582;2583;2583
"Total Callbacks";0;0;0;3582;2583;2583;5;5;0;0;0;0;2000;1;1;1;2000;2583;0;0;2583;2583;0;0;0;0;0;0;0;0;0;3582;2583;2583
"Total Contacts";0;0;0;3582;2583;2583;5;5;0;0;0;0;2000;1;1;1;2000;2583;0;0;2583;2583;0;0;0;0;0;0;0;0;0;3582;2583;2583
"Total Joints";0;0;0;3582;2583;2583;5;5;0;0;0;0;2000;1;1;1;2000;2583;0;0;2583;2583;0;0;0;0;0;0;0;0;0;3582;2583;2583
"Total Queries";0;0;0;3582;2583;2583;5;5;0;0;0;0;2000;1;1;1;2000;2583;0;0;2583;2583;0;0;0;0;0;0;0;0;0;3582;2583;2583
"Total Reserved Memory";0;0;0;3582;2583;2583;5;5;0;0;0;0;2000;1;1;1;2000;2583;0;0;2583;2583;0;0;0;0;0;0;0;0;0;3582;2583;2583
"Total Shapes";0;0;0;3582;2583;2583;5;5;0;0;0;0;2000;1;1;1;2000;2583;0;0;2583;2583;0;0;0;0;0;0;0;0;0;3582;2583;2583
"Total Transform Sync Calls";0;0;0;3582;2583;2583;5;5;0;0;0;0;2000;1;1;1;2000;2583;0;0;2583;2583;0;0;0;0;0;0;0;0;0;3582;2583;2583
"Total Used Memory";0;0;0;3582;2583;2583;5;5;0;0;0;0;2000;1;1;1;2000;2583;0;0;2583;2583;0;0;0;0;0;0;0;0;0;3582;2583;2583
"Transform Parent Sync Bodies";0;0;0;3582;2583;2583;5;5;0;0;0;0;2000;1;1;1;2000;2583;0;0;2583;2583;0;0;0;0;0;0;0;0;0;3582;2583;2583
"Transform Parent Sync Colliders";0;0;0;3582;2583;2583;5;5;0;0;0;0;2000;1;1;1;2000;2583;0;0;2583;2583;0;0;0;0;0;0;0;0;0;3582;2583;2583
"Transform Sync Bodies";0;0;0;3582;2583;2583;5;5;0;0;0;0;2000;1;1;1;2000;2583;0;0;2583;2583;0;0;0;0;0;0;0;0;0;3582;2583;2583
"Transform Sync Colliders";0;0;0;3582;2583;2583;5;5;0;0;0;0;2000;1;1;1;2000;2583;0;0;2583;2583;0;0;0;0;0;0;0;0;0;3582;2583;2583
"Trigger Enter";0;0;0;3582;2583;2583;5;5;0;0;0;0;2000;1;1;1;2000;2583;0;0;2583;2583;0;0;0;0;0;0;0;0;0;3582;2583;2583
"Trigger Exit";0;0;0;3582;2583;2583;5;5;0;0;0;0;2000;1;1;1;2000;2583;0;0;2583;2583;0;0;0;0;0;0;0;0;0;3582;2583;2583
"Trigger Overlaps";0;0;0;3582;2583;2583;4;5;0;0;0;0;5628;3;1;3;2000;2583;0;0;2583;2583;0;0;0;0;0;0;0;0;0;3582;2583;2583
"Trigger Stay";0;0;0;3582;2583;2583;5;5;0;0;0;0;2000;1;1;1;2000;2583;0;0;2583;2583;0;0;0;0;0;0;0;0;0;3582;2583;2583
"Update Animation";0;0;0;3582;2583;2583;5;5;0;0;0;0;2000;1;1;1;2000;2583;0;0;2583;2583;0;0;0;0;0;0;0;0;0;3582;2583;2583
"Update Layout";0;0;0;3582;2583;2583;5;5;0;0;0;0;2000;1;1;1;2000;2583;0;0;2583;2583;0;0;0;0;0;0;0;0;0;3582;2583;2583
"Update Style";0;0;0;3582;2583;2583;5;5;0;0;0;0;2000;1;1;1;2000;2583;0;0;2583;2583;0;0;0;0;0;0;0;0;0;3582;2583;2583
"Vertices Count";0;0;0;3582;2583;2583;5;5;0;0;0;0;2000;1;1;1;2000;2583;0;0;2583;2583;0;0;0;0;0;0;0;0;0;3582;2583;2583
"Video Reserved Memory";0;0;0;3582;2583;2583;5;5;0;0;0;0;2000;1;1;1;2000;2583;0;0;2583;2583;0;0;0;0;0;0;0;0;0;3582;2583;2583
"Video Used Memory";0;0;0;3582;2583;2583;5;5;0;0;0;0;2000;1;1;1;2000;2583;0;0;2583;2583;0;0;0;0;0;0;0;0;0;3582;2583;2583
"VisualElement Count";0;0;0;3582;2583;2583;5;5;0;0;0;0;2000;1;1;1;2000;2583;0;0;2583;2583;0;0;0;0;0;0;0;0;0;3582;2583;2583
"WaitForCompleted";0;0;0;3582;2583;2583;3;12;0;0;0;0;440547;220;219;222;2000;2583;0;0;2583;2583;0;0;0;0;0;0;0;0;0;3582;2583;2583
"BeginJob";0;0;0;3583;2583;2583;4;13;0;0;0;0;12625;5;1;20;1956;2583;0;0;2583;2583;0;0;0;0;0;0;0;0;0;3583;2583;2583
"EndJob";0;0;0;3583;2583;2583;4;13;0;0;0;0;12625;5;1;20;1956;2583;0;0;2583;2583;0;0;0;0;0;0;0;0;0;3583;2583;2583
